id,video
201510270GSW,auvdQHVoYS4
201510300HOU,I1a_W2yoLHk
201510310NOP,1CVT6UmtQnQ
201511020GSW,wNeVsorxIoE
201511040GSW,EGqNNhAibTg
201511060GSW,vokice5FqkI
201511070SAC,JKajbTxAk5I
201511090GSW,VG9qSWbCxiw
201511110MEM,S_KdG2XsWwM
201511120MIN,lmuwCxgbtf4
201511140GSW,IO88yp1p8s8
201511170GSW,lndkjbamVCI
201511190LAC,EGqNNhAibTg
201511200GSW,7zZkl-lsySc
201511220DEN,3M7aiuawjJ0
201511240GSW,G6go_js-qoU
201511270PHO,MAH0t65NJqo
201511280GSW,PpN7zX5k05Y
201511300UTA,ClS213B-lVM
201512020CHO,rMZknDqC-Ho
201512050TOR,KtmmpCNRMFc
201512060BRK,LPDnemFoqVk
201512080IND,FevAhScI1rg
201512110BOS,AOYACk7m7Fk
201512120MIL,mcanHTgfOMs
201512160GSW,49-jCQI5LVM
201512180GSW,RgB5Ub1GNUU
201512230GSW,fVk2OXH0P4o
201512250GSW,q5yYzqvRVPI
201512280GSW,PpN7zX5k05Y
201512300DAL,RZOF06pmCSQ
201512310HOU,rMZknDqC-Ho
201601020GSW,fbyNtHV-5Ac
201601040GSW,9jDiDav4naw
201601050LAL,05Z8yjBNZVg
201601080POR,xSs4yUZhb-I
201601090SAC,ZEtPf9M78WQ
201601110GSW,fXWTMFJlk_s
201601130DEN,3M7aiuawjJ0
201601140GSW,LPDnemFoqVk
201601160DET,Mxv5h-RZWVs
201601180CLE,Mxv5h-RZWVs
201601200CHI,3G4Z4zpp9wc
201601220GSW,vokice5FqkI
201601250GSW,ZZwVbr0AnjU
201601270GSW,4j-d-qEWars
201601300PHI,l-5HuU369M4
201601310NYK,0rp6t9cMF-I
201602030WAS,85qIpxoY4GE
201602060GSW,wkFLLLwijrw
201602090GSW,bRFdAUBvTi0
201602100PHO,XVlXnWInITg
201602190POR,xSs4yUZhb-I
201602200LAC,EGqNNhAibTg
201602220ATL,6WTafVhT9oc
201602240MIA,_r9-r1wQFuM
201602250ORL,9jDiDav4naw
201602270OKC,wkFLLLwijrw
201603010GSW,ArLTfKlyCkk
201603030GSW,-USrOy-aCmQ
201603060LAL,z_IC1ma5yuw
201603070GSW,FJP46GpLxSI
201603090GSW,E0t6SvKc5EQ
201603110GSW,xSs4yUZhb-I
201603120GSW,WUVkyNEz1T8
201603140GSW,19V79LZTMmc
201603160GSW,19V79LZTMmc
201603180DAL,cruaZYdxLjc
201603190SAS,Mxv5h-RZWVs
201603210MIN,d2Uun_4rxyM
201603230GSW,8VI1N6-k_ZU
201603250GSW,4j-d-qEWars
201603270GSW,VH5kYwO3gsk
201603290GSW,3wSczVmG1bI
201603300UTA,-USrOy-aCmQ
201604010GSW,FORXBT6GFa0
201604030GSW,37itOvH1Hdo
201604050GSW,7o_NGfLxGS4
201604070GSW,AfmrTEAINm0
201604090MEM,S_KdG2XsWwM
201604100SAS,ZZwVbr0AnjU
201604130GSW,3QQ1o1l9V0g
201604160GSW,MyMUEPv3XQI
201604180GSW,yciMlT2cCbE
201604210HOU,pQf-urRISic
201604240HOU,4vcACh6XsJk
201604270GSW,FJP46GpLxSI
201605010GSW,ucDcxwq2Xd4
201605030GSW,XgHMMawLL2s
201605070POR,Mxv5h-RZWVs
201605090POR,XgHMMawLL2s
201605110GSW,XgHMMawLL2s
201605160GSW,-USrOy-aCmQ
201605180GSW,-USrOy-aCmQ
201605220OKC,wkFLLLwijrw
201605240OKC,-USrOy-aCmQ
201605260GSW,P3kqTyBJaQY
201605280OKC,m-MVYsv3tlQ
201605300GSW,-USrOy-aCmQ
201606020GSW,ZeSbW4OPlRg
201606050GSW,lCE_7j5quOY
201606080CLE,Mxv5h-RZWVs
201606100CLE,Mxv5h-RZWVs
201606130GSW,lCE_7j5quOY
201606160CLE,Mxv5h-RZWVs
201606190GSW,Mxv5h-RZWVs
201510280POR,WIEC2kJCfx4
201511030NOP,EZ2eZOePT1U
201511060NOP,lNKC0FfTa5Q
201511070DAL,gzG0HTiPR4Q
201511100NOP,ZY0AqlYWcRI
201511110ATL,8hnDUJWWftY
201511130TOR,HljCpKlh-X0
201511150NYK,HljCpKlh-X0
201511170NOP,9tXOcGS5oxM
201511180OKC,ij1XwSIix_A
201511200NOP,m9GyKsZ3PYY
201511220NOP,fZzojw1bq6A
201511250PHO,z5jJ9ZpdPno
201511270LAC,abFQktEpwak
201511280UTA,GUMWt8qKUbk
201512010NOP,gr-oRtRH-bU
201512020HOU,ZTlTFLlYnfQ
201512040NOP,Q5Qdw9jwY8Q
201512070NOP,r_liBadmQtQ
201512110NOP,HEL-HsG63R8
201512120CHI,G8Pz7EQAUJY
201512140POR,ie9zWB4ilNM
201512160UTA,zZBZoq0l2zY
201512180PHO,1hrBhERKD0E
201512200DEN,5W851X3Nw2A
201512230NOP,C2COxBPP0jQ
201512250MIA,u8rQCm9_i3o
201512260NOP,C7hf0Tz-HbE
201512280ORL,c-I9m-5V5AE
201512310NOP,EGqNNhAibTg
201601020DAL,kHu9J6GbNYg
201601060NOP,ZY0AqlYWcRI
201601080NOP,Z1HUTU-Oz4Q
201601100LAC,ealcYzaiiKI
201601120LAL,zziBybeSAtw
201601130SAC,tGTEaqg6xN0
201601150NOP,metapp0XZ9k
201601180MEM,OxCgEGrAyxY
201601190NOP,grhsdl-2j_4
201601210NOP,TZlz0Zc8Ba0
201601230NOP,LmOPOUTilfQ
201601250NOP,WquqvDHMGqU
201601280NOP,S5iSh25LxtY
201601300NOP,bkZWcGqGQ6M
201602010NOP,hsJ1J-iagbI
201602030SAS,385oCUuWHdM
201602040NOP,LiClBMZfcho
201602060CLE,PAJE1IuVDkw
201602080MIN,5oJqiWRdKG4
201602100NOP,aW5_kS8BZm8
201602110OKC,006MuJDWxXc
201602190NOP,0eS9e-WIABE
201602210DET,TZlz0Zc8Ba0
201602230WAS,gqQS6gQ7nCA
201602250NOP,vokice5FqkI
201602270NOP,0AJUkSXRNt8
201603020HOU,C2aQprUKlvU
201603030NOP,8slSXXleGFw
201603050NOP,hRGdpwT0nc8
201603070NOP,8jAB5veFYxk
201603090CHO,rJZ6kzdaSgg
201603110MEM,WlPh_H3eHr8
201603120MIL,9RAFMQd3t0c
201603160SAC,zZBZoq0l2zY
201603180NOP,ie9zWB4ilNM
201603200NOP,X4Nzc-Mc-88
201603220NOP,fXWTMFJlk_s
201603240IND,c-I9m-5V5AE
201603260NOP,_f8rWqh9vCU
201603280NOP,19V79LZTMmc
201603300SAS,8L6h2NsOmZw
201603310NOP,SpePxzuJkBA
201604030BRK,-LoTHq5mGAQ
201604050PHI,oDQTY0n5C5Q
201604060BOS,ykfa3rfGxZU
201604080NOP,H79JI1zq-R8
201604090NOP,al_Kh9b5lEQ
201604110NOP,DJTuDVJrhWA
201604130MIN,CKI5rXTME8o
201510280ORL,pp9Z76wIaIM
201510300ORL,JkDd3c7OWFo
201511010CHI,FevAhScI1rg
201511040HOU,cIojnm5iXhs
201511060ORL,UI7ZSgwPcHk
201511070PHI,yTNpdg9GrG4
201511090IND,JkDd3c7OWFo
201511110ORL,kk0imOmS1S4
201511130ORL,vSMkKq3Davg
201511140WAS,WMR4dH6X4sY
201511180ORL,ug4-UUMpW2U
201511210ORL,NfSWimBwAcs
201511230CLE,gM1vIqbTwfc
201511250ORL,A_DP8bfGRy0
201511270ORL,dDkfjM8nwWY
201511290ORL,pe82lsBwU9E
201512010MIN,ug4-UUMpW2U
201512030UTA,vSMkKq3Davg
201512050LAC,EvUqJR5Bq1w
201512080DEN,qA2e7Pbjhcs
201512090PHO,49-jCQI5LVM
201512110ORL,eazcOMVOUj0
201512140BRK,WbO9B2NgEvg
201512160ORL,xPM13hmjf1U
201512180ORL,Ihl9NVbRK8o
201512200ORL,19_ZchJSVCI
201512210NYK,-1ScmGeaPIs
201512230ORL,lEapNeRqqoI
201512260ORL,enqTFZZTuMM
201512300ORL,WbO9B2NgEvg
201601010WAS,7CS9ElFzUq0
201601020CLE,-dQ7tguICL4
201601040DET,zchjMYe60tc
201601060ORL,gCVqnddyY_4
201601080BRK,MqwYi9co8Mk
201601090ORL,YKu4rMNVLFk
201601140ORL,oJ9UOcTaGNM
201601180ATL,H0AU9x2mfSo
201601200ORL,xxYhAwIu7Jo
201601220ORL,312har3I8QM
201601250MEM,WxQJKRAKOQ8
201601260MIL,C5xBlQ41kjU
201601290BOS,JtzObjMSG_I
201601310ORL,Bb3VJ-5YXyU
201602010SAS,7Z4O_G0HKXY
201602030OKC,20uAYozx_5U
201602050ORL,_Usof4p_aMU
201602070ORL,KEQYaAyWUw4
201602080ATL,_kveYwGJWuo
201602100ORL,OL1sORY3Kh4
201602190ORL,x6d5JdoLu7Q
201602210ORL,6KKLhsRYyWA
201602230PHI,Hsr_vL-Ehl4
201602260NYK,cuGkQDYY86k
201602280ORL,gnV9F0ogthc
201603010DAL,XHRi5lqZguE
201603020ORL,6nADQuC9bQg
201603040ORL,49-jCQI5LVM
201603080LAL,6nADQuC9bQg
201603110SAC,qA2e7Pbjhcs
201603120POR,6nADQuC9bQg
201603150ORL,tXEs2YCOUrA
201603160CHO,Mxv5h-RZWVs
201603180ORL,g1v1gYV4Rso
201603200TOR,TCsaw3hm4zY
201603210BOS,h4TTbOSJi9g
201603230DET,tZhkBeXDBxE
201603250MIA,5bu3b8Rhk-M
201603260ORL,JmH6YKZdedY
201603290ORL,cN3HAAOlMFs
201603310IND,27mT5XIL2Po
201604010MIL,qA2e7Pbjhcs
201604030ORL,WxQJKRAKOQ8
201604060ORL,kmc-p3PKC5o
201604080ORL,_2-faCc0fXc
201604100MIA,qA2e7Pbjhcs
201604110ORL,U7ejgErs_Gs
201604130CHO,Tk-Soxi3y_w
201510280MIA,IQM2sXrC6Cg
201510300ATL,_VmKSYTFkzE
201511010CHO,19_ZchJSVCI
201511030CHO,FevAhScI1rg
201511050DAL,uXpbylUMawM
201511070SAS,NIHQ0np4GLY
201511100MIN,3r2CXvl_Qow
201511110CHO,O9tzwtDtblE
201511130CHI,XF-rKUVzpmY
201511150CHO,_I4fUByw5OA
201511170NYK,Club3rFLXRU
201511180CHO,vokice5FqkI
201511200CHO,W7bR4eGAfHM
201511230CHO,6I5Naa4DS2k
201511250CHO,4izb38fqbek
201511270CHO,0S2C1zvxmQQ
201511290CHO,UeZLNgIKfFE
201512050CHI,e8dTR5Un8yY
201512070CHO,OHVYgiFiC24
201512090CHO,ss_XM8a5sVw
201512110MEM,OtVcAgHxfx0
201512120CHO,ShgKEL9jVLU
201512170CHO,Wb9zbKqcEPU
201512190WAS,tV10vG98RBQ
201512210HOU,CXjfy30SzJc
201512230CHO,ShgKEL9jVLU
201512260CHO,dOmEcKiy4NM
201512280CHO,mt1eEta1Ua4
201512300CHO,CFBVghKgHNo
201601010TOR,1N0lzqEfX_w
201601020CHO,o_-Or3AQ7OM
201601060PHO,4dxaNM5WjZ4
201601090LAC,9FB9r1-ov8Y
201601100DEN,pq_RXVJU0l8
201601130CHO,vlJi3iykpCM
201601160CHO,KMsA3tHXcm0
201601180CHO,5s0Z6cMtvZY
201601200OKC,9TD8zEQRqT4
201601230CHO,GmK6te5efq0
201601250SAC,9jDiDav4naw
201601270UTA,5s0Z6cMtvZY
201601290POR,HX64eS0f2ZI
201601310LAL,1kqg6Rd98U0
201602030CHO,JZ7PdnduFeQ
201602050CHO,05Z8yjBNZVg
201602060CHO,LK4HYDAfFrE
201602080CHO,SKX8NT2Zh6c
201602100IND,a0EcK02NNI4
201602190MIL,NZyHYchj11Y
201602210BRK,4EYxwmZqxFk
201602240CLE,ME5756LzyEY
201602260IND,5fd-_5QrHTk
201602280ATL,cdse-7-6tuY
201603010CHO,4dxaNM5WjZ4
201603020PHI,yimAQ5bHjMI
201603040CHO,vokice5FqkI
201603070CHO,PeuvA5z9_Ns
201603110CHO,BybwKA6u0YQ
201603120CHO,f5NVGuYB7SM
201603140CHO,6zNdW1sIR50
201603170MIA,Nk8HdjxysuA
201603190CHO,Vu-wAGSJwqE
201603210CHO,PSpMOqrrK5c
201603220BRK,RsTduRJCvo0
201603250DET,Zv3ZdnLq8lA
201603260MIL,QwZytEoqMYw
201603290PHI,AYIFE8yqobw
201604010CHO,H_XUvNEED4I
201604030CLE,ME5756LzyEY
201604050TOR,JliOsDyUjLY
201604060NYK,Z972J5W6ZUQ
201604080CHO,4eRubBfQIbw
201604100WAS,xPM13hmjf1U
201604110BOS,a0EcK02NNI4
201604170MIA,Nk8HdjxysuA
201604200MIA,fUTu7hH65wU
201604230CHO,fUTu7hH65wU
201604250CHO,Nk8HdjxysuA
201604270MIA,tM5RzrpW5Nk
201604290CHO,W8l9fCdvWSQ
201605010MIA,fUTu7hH65wU
201510280MIL,d0Jdu_vKehY
201510290NYK,uEg6h9oLOoo
201510310WAS,rqQlGlVFhKg
201511020NYK,m9GyKsZ3PYY
201511040CLE,h1prXdDrWDA
201511060NYK,-1ScmGeaPIs
201511080NYK,nb0nUi0cA5o
201511100TOR,--cIxTDSbK4
201511130NYK,h1prXdDrWDA
201511200OKC,UDGHwBbOxcY
201511210HOU,-1ScmGeaPIs
201511230MIA,0h9Ynj6EGd8
201511270NYK,ecdDp-YO68s
201511290NYK,koEEy1EciqM
201512020NYK,zu4Q2tUzpjA
201512040NYK,xSJ2Xsz9qeE
201512050MIL,xSJ2Xsz9qeE
201512070NYK,_LNR5clg-N8
201512090UTA,UDGHwBbOxcY
201512100SAC,A_DP8bfGRy0
201512120POR,Hb8MQ918swo
201512160NYK,f0pM4NOTAdo
201512180PHI,-1ScmGeaPIs
201512190NYK,Do02lsIyueQ
201512230CLE,6mfem3Mc6hg
201512260ATL,ejeSk7RAmPs
201512270BOS,xSJ2Xsz9qeE
201512290NYK,HPp8dwQ1K_4
201601010CHI,nKbNR7_N5hQ
201601030NYK,xdwcGm8xeDw
201601050ATL,-1ScmGeaPIs
201601060MIA,NIc9QJ-xeig
201601080SAS,AvGFa4HoTTY
201601100NYK,5daW0PniFH8
201601120NYK,zIlikaEESVI
201601130BRK,LN1FD5Pgjkg
201601160MEM,P4b6WgyoFls
201601180NYK,djTGYbccoBk
201601200NYK,-lo3xF9_mss
201601220NYK,7DT_8xZwDRU
201601260NYK,xrgQiIowXfg
201601280TOR,8wycV1Ormhc
201601290NYK,lBdMVk0gO3w
201602020NYK,YVPMI-eUk0E
201602040DET,Y6ZkhhJ8gwg
201602050NYK,S_KdG2XsWwM
201602070NYK,TBP7reOACKY
201602090NYK,rqQlGlVFhKg
201602190BRK,DDSajsEDufo
201602200MIN,w0DhP0Rbixw
201602220NYK,sw3e8B_trUY
201602240IND,A55M_CbEt3Y
201602280NYK,ecdDp-YO68s
201603010NYK,mgvsgmZ0RZY
201603040BOS,CeYmRC0hFJc
201603050NYK,a0TKEofio7w
201603080DEN,JnFqjvuJ5rI
201603090PHO,lBdMVk0gO3w
201603110LAC,19V79LZTMmc
201603130LAL,saMAibXB4hI
201603190WAS,ijTFhOHM8zM
201603200NYK,Fk9np3R4Cm8
201603230CHI,KqErRrscR2c
201603240NYK,QUbQlLC4HdI
201603260NYK,wh5x9Hq_t0I
201603300DAL,AUk5ePUEeNE
201604010NYK,AuXI9cnI8DA
201604030NYK,5j-yoJyqWf8
201604080PHI,HUj46Lo_8c8
201604100NYK,0qXeDaUf4b4
201604120IND,YHFqky7Om5A
201510280HOU,f1jOQ44DCpk
201511010MIA,rMZknDqC-Ho
201511020HOU,GkWeYt3V4GI
201511060SAC,TtiNNBue5sQ
201511070LAC,tT5ms06AWTA
201511110HOU,aRRk-raq2as
201511130DEN,LhScqvE8R3k
201511140HOU,MjHgX3bxEE8
201511160HOU,nYW14SaTYOE
201511180HOU,NoGpx4vMFzc
201511200MEM,rMZknDqC-Ho
201511250HOU,Es0AvuWIzdQ
201511270HOU,RUl2EH7qa-Q
201511300DET,lEapNeRqqoI
201512040DAL,xyTCgkEs_yA
201512050HOU,MsprTMqtJEc
201512080BRK,VlrkpiS5kcs
201512090WAS,J5p-T8e94B0
201512120HOU,Njli-q9O5k0
201512140DEN,6B4g_PWNmAg
201512150SAC,FPzAYPmsWJo
201512170LAL,OFPR9zAVUlA
201512190HOU,J5-B-uz3N9U
201512250HOU,Lcvsa1jqXcQ
201512290HOU,0WG0Bj7C6C0
201601020SAS,XuBEnCqfKmw
201601040UTA,bRFdAUBvTi0
201601070HOU,rC_kEGVl-sA
201601100HOU,g0b_64RapGA
201601120MEM,Es0AvuWIzdQ
201601130HOU,tkHrWRaqBuM
201601150HOU,JxUrC-hj5dw
201601170LAL,q3v4Vui85bg
201601180LAC,6iphPbU1YT4
201601200HOU,-na3B4u9tCQ
201601220HOU,Nm8O6BVXp3s
201601240HOU,H-z55Bt50GY
201601270SAS,QNn8NOqrQfE
201601290OKC,7CZ216Spzpc
201601300HOU,Oe_8IVTbIU0
201602020HOU,HYsLp7zi0MQ
201602040PHO,bRFdAUBvTi0
201602060HOU,79ZGER3Xa08
201602100POR,fXdtycMuG84
201602190PHO,YZmUieft1oM
201602230UTA,rC_kEGVl-sA
201602250POR,AQUg-pSVzB4
201602270HOU,QNn8NOqrQfE
201602290MIL,w_t_LaKLlxY
201603050CHI,Kwc31yjH2Wk
201603060TOR,TR2DxBJU9ew
201603090PHI,gPZEpb_cPmM
201603110BOS,YVIfrKT02wg
201603140HOU,KDy4nYPECUw
201603160HOU,MyMUEPv3XQI
201603180HOU,h7CWpNDpC9Y
201603190ATL,0WG0Bj7C6C0
201603220OKC,1HulphGDibY
201603230HOU,t0dPVNAb12I
201603250HOU,6He-poD5ThQ
201603270IND,g0b_64RapGA
201603290CLE,-aJUdA0P6EY
201603310HOU,H-z55Bt50GY
201604030HOU,9A8jOmJMLJM
201604060DAL,5RJ2HBDxDSQ
201604070HOU,VYn-BJ5_RyA
201604100HOU,l0D95AzZZC4
201604110MIN,jJXc_5NBlG4
201604130HOU,gKnrW_SPnFE
201510280LAL,Sj0JYHrYu38
201510300SAC,UIjZQc-KTpI
201511010LAL,x6d5JdoLu7Q
201511030LAL,BQiFuM6r1sM
201511060BRK,FFjTj6HbJNU
201511100MIA,czq7usfGiZY
201511130DAL,KwxurH0dGmA
201511150LAL,WeG5yXrO63k
201511160PHO,ytwXXFvxElE
201511200LAL,BBhLjj9L90E
201511220LAL,pAOZVyi79xw
201511280POR,gHPubcpGkrk
201511290LAL,R0JsM9yhIB8
201512010PHI,vokice5FqkI
201512020WAS,vokice5FqkI
201512040ATL,3bcodZVIH80
201512060DET,X4Nzc-Mc-88
201512070TOR,vokice5FqkI
201512090MIN,3J5Z_4XkfOw
201512110SAS,Q833YmroNoo
201512150LAL,e2q_ViuCErY
201512190OKC,3bcodZVIH80
201512220DEN,nEOIonjs1GU
201512230LAL,vokice5FqkI
201512250LAL,RtP0AZbFvHI
201512270MEM,vokice5FqkI
201512300BOS,W3CYDn8zzcQ
201601010LAL,8-SfvDjc62A
201601030LAL,X9k4iZSJt_k
201601070SAC,iQY6g0DMHIY
201601080LAL,20uAYozx_5U
201601100LAL,Y8EDlDvyoZw
201601160UTA,o_BBKI3zcTQ
201601200LAL,JnY6rd71C38
201601220LAL,7DT_8xZwDRU
201601230POR,pAOZVyi79xw
201601260LAL,bP9vLRvEmjY
201601280LAL,2zqhXDqKoAY
201601290LAC,7DT_8xZwDRU
201602020LAL,hDsLf5QKa6c
201602060SAS,o_BBKI3zcTQ
201602080IND,5OwyjBMRVwk
201602100CLE,Mxv5h-RZWVs
201602190LAL,mxc6L6Xehz4
201602210CHI,zxmc0IHHnxw
201602220MIL,7DT_8xZwDRU
201602240MEM,dMISiRjvios
201602260LAL,dMISiRjvios
201603010LAL,IzxHyULDLsY
201603020DEN,ju40vYNp0Uc
201603040LAL,Xv47nwzmsvA
201603100LAL,05Z8yjBNZVg
201603150LAL,mTUJ5xnB-d0
201603180LAL,X9k4iZSJt_k
201603220LAL,sfk-dbb2oV0
201603230PHO,X9k4iZSJt_k
201603250LAL,ju40vYNp0Uc
201603270LAL,lAIRAGV7aZw
201603280UTA,Y8EDlDvyoZw
201603300LAL,AmwTYudvE80
201604030LAL,k4E5xpHbMmA
201604050LAC,7DT_8xZwDRU
201604060LAL,vfVQU8OPheY
201604110OKC,20uAYozx_5U
201604130LAL,fl6LaH-MXM0
201510270CHI,kxKsbdG3xok
201510280BRK,36K2G3CPyRA
201510300DET,LElI5Po0d6A
201511050CHI,w0VJdzxMV4k
201511070CHI,lgxgpE51kCQ
201511090PHI,3K86lIfdcuo
201511160CHI,FGnFOdrloc4
201511180PHO,QRGpRkLDz08
201511240POR,bj-HLntZCSY
201511270IND,ZWvYnI_qs-w
201511300CHI,_VSM6N6e4Ac
201512020CHI,vokice5FqkI
201512070CHI,xUUzND-ph_M
201512090BOS,etUJJkmZMN8
201512100CHI,USFSdEcPDKY
201512140CHI,e26tlRCloKk
201512160CHI,vJ9wwDXrgyc
201512180CHI,QRGpRkLDz08
201512210CHI,0fYc0ultMyU
201512250OKC,w0VJdzxMV4k
201512260DAL,XHRi5lqZguE
201512280CHI,M93GRa8SEvk
201512300CHI,ZWvYnI_qs-w
201601030TOR,JB8-cL48GBo
201601050CHI,a0TKEofio7w
201601070CHI,3uad37iYDhk
201601090ATL,2U_8_4nf8cg
201601110CHI,1hNsJkLKTv4
201601120MIL,Xt7oWjEeSUU
201601140PHI,gC9rQKbCmRM
201601150CHI,BImbQwZw1vY
201601180DET,CWHXNCupekU
201601220BOS,q9az0U05qc4
201601230CLE,qiTV7-sqFI0
201601250CHI,Aq9SXYkrZvA
201601310LAC,Dfby5lFwTT0
201602010UTA,j4MrsnkU_KI
201602030SAC,ruEJNfiCyQQ
201602050DEN,DQ9y-Brgy_U
201602060MIN,jQAbxWzwONE
201602100CHI,a2jUhfxwq24
201602180CLE,j4MrsnkU_KI
201602190CHI,gSv231CADHg
201602240CHI,X2t1vg7flzA
201602260ATL,2U_8_4nf8cg
201602270CHI,NlWcyL0MEzE
201603010MIA,zF_VS35j40U
201603070CHI,-pE7eyQDVgA
201603100SAS,LekwCc_vZEw
201603110CHI,b6hr_hqZ-ME
201603140TOR,Cgsx17jGwas
201603160WAS,Uaszhau3EMg
201603170CHI,HT7P5bfXaB8
201603190CHI,j4MrsnkU_KI
201603210CHI,ruEJNfiCyQQ
201603280CHI,2U_8_4nf8cg
201603290IND,Fpng1WEZJkw
201604020CHI,UTZuVfqLvKI
201604030MIL,597C37zw_JI
201604050MEM,VaUpKHjESBg
201604070MIA,zF_VS35j40U
201604090CHI,qpLZFzYKadI
201604130CHI,04QI6x2BMc4
201510300CLE,lOyH4FiBWAE
201511030MIA,WZwbp2nNFhY
201511050MIN,VxZrKBs2KkU
201511060IND,ss_XM8a5sVw
201511080MIA,hTX2H7dY1YI
201511120MIA,LYiH7VU4TnQ
201511170MIA,WxQeN4JryAo
201511190MIA,fXWTMFJlk_s
201511210MIA,7R-WreYfwpA
201511250DET,MhbEHpQXxUQ
201511300MIA,T9G6IOgjoQg
201512030MIA,GkWeYt3V4GI
201512050MIA,lCE_7j5quOY
201512070MIA,_vnmrWlBPZA
201512110IND,1d3ssEfHZms
201512130MIA,ogpcIRzCNas
201512140ATL,q-gYxJj1dyU
201512160BRK,Q9hrSS_CxZk
201512180MIA,uatcGREP-w4
201512200MIA,G4ztgHfl-Fs
201512220MIA,19NK6sqT6vU
201512280MIA,g0fP_jwlKBU
201512290MEM,_HXE_EVxL78
201601010MIA,xvSB3iNjRTA
201601030WAS,pJA4loloyvI
201601040MIA,ss_XM8a5sVw
201601080PHO,Sx-L4Jdh38E
201601090UTA,RYYkGxIS1pA
201601130LAC,ss_XM8a5sVw
201601150DEN,k3mai-_Y8WA
201601170OKC,z5Aab3Bv8RI
201601190MIA,8u6P3YQ1Sjg
201601200WAS,FHFmw7D4PBM
201601220TOR,uatcGREP-w4
201601260BRK,vRdXSFvcNcI
201601290MIL,2CfwXInRjaI
201601310MIA,mOeUU1QSz_A
201602030DAL,LcdBZ5Gc6EE
201602070MIA,F7XPb0hlXAk
201602090MIA,tOZWtDTAmVM
201602190ATL,PdH9jK2sGow
201602200MIA,FHFmw7D4PBM
201602220MIA,ss_XM8a5sVw
201602270BOS,y0P96wmLzcQ
201603030MIA,9ECzwkvjTFQ
201603040PHI,ss_XM8a5sVw
201603060MIA,Q86JG2PPu0k
201603090MIL,8IuKc5r71zQ
201603120TOR,btfrbflLYjg
201603140MIA,vokice5FqkI
201603190MIA,OF4_x5OT5Lc
201603230SAS,b8kEa-L_IDs
201603280MIA,hrc273D-rk4
201604010SAC,ss_XM8a5sVw
201604020POR,xfXQZ5GaZDs
201604050MIA,T-hbjl7jd2A
201604120DET,zSpcRObVS9w
201604130BOS,W8T-0DFrsYY
201605030TOR,fxXrDhXxYGk
201605050TOR,LZIuLw7qvh0
201605070MIA,pq6MXiH10AI
201605090MIA,uatcGREP-w4
201605110TOR,uatcGREP-w4
201605130MIA,uatcGREP-w4
201605150TOR,pq6MXiH10AI
201510280MEM,mVr9aUhJZX4
201511020PHI,5azTdfzb58c
201511060CLE,JqFbEHLdPdI
201511080CLE,5azTdfzb58c
201511100CLE,ZYTOn2qK3e0
201511140MIL,6sss4Kdw8No
201511170DET,xyKlHA3q1PQ
201511190CLE,cPGpDMy-ONI
201511210CLE,WZwbp2nNFhY
201511250TOR,CiCa4sKM7-w
201511280CLE,oidwmmtjg_I
201512010CLE,AhUbAbQ6DeM
201512080CLE,ldJJpy0EYTg
201512150BOS,YmZayeouEGg
201512170CLE,VDZn81PLfzY
201512200CLE,JqFbEHLdPdI
201512260POR,a0xbn-rv9PE
201512280PHO,HK1MiuXMtrY
201512290DEN,HK1MiuXMtrY
201601040CLE,JoNGatniZEs
201601060WAS,Yy6OD7_Fv0c
201601080MIN,Ni1DH3Jz8Lw
201601100PHI,XVlXnWInITg
201601120DAL,1rr0_CDGGPo
201601140SAS,URGaSD53UdY
201601200BRK,JFV1XHeLBjo
201601210CLE,CEyRY9EXuzU
201601250CLE,h7CWpNDpC9Y
201601270CLE,BoB2aHCwh7M
201601290DET,IbAVoDwpHP0
201601300CLE,yy42tiJX-rc
201602010IND,9jiRKk5fcBE
201602050CLE,lCE_7j5quOY
201602080CLE,kB1e1YEg5cM
201602210OKC,ZBm7w501bpw
201602220CLE,G-d2lXAvldw
201602260TOR,JoNGatniZEs
201602280WAS,GfXVWzu8y-U
201602290CLE,pLcTvm7GzgU
201603040CLE,AhUbAbQ6DeM
201603050CLE,oetocdyHnRk
201603070CLE,mYAxqPq8WSU
201603090SAC,a2-j2N9IU5g
201603130LAC,lCE_7j5quOY
201603140UTA,lCE_7j5quOY
201603160CLE,Mxv5h-RZWVs
201603210CLE,l51rpbIDebA
201603230CLE,T5IV07pa71Y
201603240BRK,_jezg_QKDE0
201603310CLE,fdyITebZ1VY
201604010ATL,P2aE6kFJuR4
201604050MIL,lCE_7j5quOY
201604060IND,Yy6OD7_Fv0c
201604110CLE,aZz-e4aZAhk
201604130CLE,xSZ7tp979To
201604170CLE,qRWGrlK5yJ0
201604200CLE,qRWGrlK5yJ0
201604220DET,G-d2lXAvldw
201604240DET,qRWGrlK5yJ0
201605020CLE,kwwee_mfebQ
201605040CLE,P2aE6kFJuR4
201605060ATL,Yy6OD7_Fv0c
201605080ATL,Mxv5h-RZWVs
201605170CLE,6tl8abItqCE
201605190CLE,0uFmEKjeRQE
201605210TOR,0uFmEKjeRQE
201605230TOR,AnfU1d1kdUY
201605250CLE,1pq-ed3AgBM
201605270TOR,Mxv5h-RZWVs
201510280TOR,T-AwUtwH2As
201510300BOS,7MVY_M6SaU4
201511010TOR,-3faRRf6oso
201511030DAL,AMwiXoqFX1Y
201511040OKC,r_liBadmQtQ
201511110PHI,wXGra_J8_8Q
201511150SAC,RgB5Ub1GNUU
201511180UTA,aUjxxuh4WYQ
201511220LAC,egnezkDB45g
201511280WAS,fFKpdXdNv3c
201511290TOR,bdkbeynobFc
201512020ATL,19_ZchJSVCI
201512030TOR,vokice5FqkI
201512090TOR,VxvSQml_Zic
201512110TOR,h_xv9zvdkFg
201512130TOR,0qXeDaUf4b4
201512140IND,uwd8q_nzWyw
201512200TOR,8f1oZZxoAPo
201512220TOR,r1qqTn0gu78
201512260MIL,YICBBsLLvHY
201512300TOR,WEnZKfBrKaE
201601060BRK,7nMK6lf5nCU
201601080WAS,4umRHTpWLsg
201601090PHI,eI-4deiYNC8
201601180TOR,fTYf_GQLymQ
201601200TOR,cwcsHgz-Spo
201601240TOR,TRDHez9oGcw
201601260TOR,t3hgSzc06r8
201601300TOR,MHkxf3_G9kY
201602010DEN,BDyK65liJgs
201602020PHO,bdkbeynobFc
201602040POR,4umRHTpWLsg
201602080DET,XPuB71sfKkk
201602100MIN,7gkBYTPETEc
201602210TOR,tH6Q_PDcms8
201602240TOR,7l-i3pJZ314
201602280DET,KkLatJQUQbg
201603020TOR,pLGyZdALKPY
201603040TOR,NlWcyL0MEzE
201603080TOR,EDvEpDuhCcc
201603100TOR,cObZHd0yBqE
201603150MIL,ij5eH5rOy-g
201603170IND,f22L0E_N-wo
201603180TOR,R2rCYWBaxug
201603230BOS,4umRHTpWLsg
201603280TOR,yYfNo9Jy7S8
201603300TOR,Zi1szjggaEw
201604010MEM,uatcGREP-w4
201604020SAS,Lsn_BuNQYkU
201604070ATL,Zi1szjggaEw
201604080TOR,f22L0E_N-wo
201604120TOR,-xiahGyNsvE
201604130BRK,EDvEpDuhCcc
201604160TOR,U_nSEd-FZL8
201604180TOR,U_nSEd-FZL8
201604210IND,f22L0E_N-wo
201604230IND,uP0TnDstqoY
201604260TOR,30J77ATqrxA
201604290IND,qIk5TEfiMBA
201605010TOR,uP0TnDstqoY
201510300DEN,lWlfGkC-XA4
201511010OKC,UKvcGBlV2iA
201511050DEN,YOlZlqJwovE
201511090DEN,Xww7gLuJm8g
201511110DEN,vbuMgQIL-UY
201511140PHO,UgMHU183Aww
201511180SAS,UKvcGBlV2iA
201511200DEN,49-jCQI5LVM
201511240DEN,we3ME0pcJB4
201511270DEN,m9qpYDi__0Q
201511280DAL,h4U7XgmLKW8
201511300MIL,sNr3ISA0_wo
201512050PHI,VlrkpiS5kcs
201512110DEN,kbOLuZBE-U4
201512150MIN,wExsP7bi1j8
201512180UTA,UKvcGBlV2iA
201512230PHO,LYJE78hLKqU
201512260SAS,ePcR_i9xkR4
201512270OKC,UKvcGBlV2iA
201512300POR,-BUJSWVWfbA
201601030DEN,Q971327r8Qk
201601060MIN,00xelcwOSo8
201601080MEM,wp0JA1NZvt8
201601170DEN,UkYK7qP0FhY
201601190DEN,tHwh0qV2Rxw
201601210DEN,Cv-bYvFgfjI
201601230DEN,uo5Xl1H7s9I
201601250DEN,VCMwm0CTDZY
201601270BOS,UdGOtIoje9c
201601280WAS,m2V5IIzzJQc
201601300IND,UkYK7qP0FhY
201602030UTA,ptXMoqGk88E
201602080BRK,tYp7Kuq3ylo
201602100DET,a4dk9Iudp1c
201602190SAC,l51rpbIDebA
201602210DEN,UdGOtIoje9c
201602230DEN,ya1RSzkI2fQ
201602240LAC,8seSdXMJcxM
201602260DAL,9tXOcGS5oxM
201602290DEN,fEEozhYftVA
201603040DEN,7lR0LwIJowg
201603060DEN,RpVz97fUbIs
201603100DEN,49-jCQI5LVM
201603120DEN,16mrqhbijlU
201603170ATL,mKyqTx5o3BY
201603230DEN,m8UXBKVZxDI
201603270LAC,eXMvC7iVgNU
201603280DEN,RpVz97fUbIs
201603300MEM,wp0JA1NZvt8
201604020DEN,VBL-A9WbJ98
201604050DEN,wExsP7bi1j8
201604080DEN,rMs5Ey8jiSE
201604100DEN,YKLlTp8kyUY
201604130POR,WDKhcrzl14Y
201510290IND,Crj04pKHbrI
201510310IND,kz15LPqWMVQ
201511030DET,vokice5FqkI
201511040IND,8F_Rg4IzaM0
201511110BOS,v5TrZIRpOfc
201511130IND,mN0oNEe1u0A
201511180PHI,vokice5FqkI
201511210IND,nMpGnT0sAYc
201511240WAS,IW3IQWBBtoY
201512020LAC,vokice5FqkI
201512030POR,vokice5FqkI
201512050UTA,8BE1zcoQmKU
201512120DET,vokice5FqkI
201512160IND,x6d5JdoLu7Q
201512180IND,vokice5FqkI
201512190MEM,tHwh0qV2Rxw
201512210SAS,tHwh0qV2Rxw
201512230IND,ghiTrmQg3V8
201512260MIN,tPJFoqdD6VQ
201512280IND,sD-xlRFrhY0
201512310IND,_XT38uomTSA
201601020IND,4FbSCs4yYDA
201601120IND,GZW5nrPLv2E
201601130BOS,v5TrZIRpOfc
201601150IND,BWk2BFiji9I
201601190PHO,tHwh0qV2Rxw
201601230SAC,ghiTrmQg3V8
201601260IND,Cy4mDIjk2pM
201601280IND,sD-xlRFrhY0
201602030BRK,aiRb5Xx8UOo
201602050ATL,V-HHFxQjlfs
201602060IND,nb9okKWbaH8
201602190OKC,tHwh0qV2Rxw
201602280IND,mtphF1kPHyc
201603020MIL,GdBnelRg1vw
201603050WAS,a6ucTezNbWA
201603070IND,1-PVUogqmCI
201603120DAL,UnViVG7HXok
201603130ATL,BTV7zMUz5K8
201603150IND,THtjr3nos_U
201603190IND,tHwh0qV2Rxw
201603210IND,nR1lG1pc42M
201603260BRK,lhVK-PTHyhI
201604020PHI,cxEZvNUDN4E
201604100IND,OL7D4RfUMRU
201604130MIL,eIBiMKqfpY4
201510300PHO,0WNiImSBcQA
201510310POR,0WNiImSBcQA
201511020MIN,MglAr-37cV8
201511040UTA,MglAr-37cV8
201511050POR,rKhSvNHuyUo
201511080POR,eNahctQZwEU
201511110POR,35aUXR5oojw
201511130MEM,rKhSvNHuyUo
201511160SAS,MglAr-37cV8
201511200POR,aFurXHK8ps4
201511300LAC,Zwbqt_4L_QM
201512010POR,x6d5JdoLu7Q
201512050MIN,MglAr-37cV8
201512070MIL,z-DMMuUEwQs
201512110PHO,GEWZbRxnDow
201512160OKC,MglAr-37cV8
201512210ATL,Ihl9NVbRK8o
201512270SAC,RsEbw0WZ8sI
201512310UTA,4QPbME3NCRA
201601040POR,VeQkPBnse4c
201601060POR,Pvns98roH4w
201601100POR,dmxwSTpR7gY
201601130POR,hUtI7TEI84I
201601150BRK,l6A-3Ad_cpY
201601160PHI,ljeBiyqrhTM
201601180WAS,l6A-3Ad_cpY
201601200POR,nLJ7UVAvY_Q
201601260POR,fASL3_YXky4
201601310POR,ZyZ-SU2TerI
201602020POR,XHWxbI1WSS8
201602080MEM,BQSU7P5nxxE
201602210POR,ADjFUqvxG_M
201602230POR,p0kwV6jmI4g
201603020BOS,CxTrdH0NBWI
201603060DET,77ZHgE3ZmDs
201603080POR,cE5zdj8kDKA
201603140OKC,bsagopMV3ps
201603170SAS,j3PutLGNwnw
201603200DAL,CJ6tcVbiRvY
201603230POR,MYAkCCrs3FM
201603240LAC,nA84L6PFFtQ
201603260POR,l6A-3Ad_cpY
201603280POR,StjyvPNiR8A
201603310POR,CxTrdH0NBWI
201604050SAC,MglAr-37cV8
201604060POR,tHwh0qV2Rxw
201604090POR,m-dRMXpZPLA
201604170LAC,VeQkPBnse4c
201604200LAC,ljeBiyqrhTM
201604230POR,VeQkPBnse4c
201604250POR,VeQkPBnse4c
201604270LAC,r-cKlNNEa8M
201604290POR,VeQkPBnse4c
201510300SAS,jn7mtJJUNVQ
201510310MEM,9OMCFKPePNs
201511020BRK,nMpGnT0sAYc
201511040ATL,1_-g6QcpQSo
201511070MIL,T1a1qATY9nU
201511130SAC,Cjv5UJKJofg
201511170BRK,z05aKDlXb-g
201511200BOS,51kFHWpeERU
201511220BRK,s7cTOsTNqAc
201511250OKC,5VqYXjs-Okg
201511290BRK,2KhtdAsmP8A
201512010BRK,WahNbE2V4yg
201512100BRK,172rhkuOthg
201512120BRK,oidwmmtjg_I
201512200BRK,AG9DAYoD7fM
201512230BRK,8uRhJ0ByGlE
201512260BRK,zaO7GTobJdk
201601020BOS,Cs2BQ9whoRA
201601040BRK,Cm4PtLhM1pQ
201601090DET,QLjNqq5Qscs
201601110BRK,rifMTBkS06s
201601160ATL,qYPJsJVV-Vg
201601220BRK,YVyQvYC5eJ8
201601240BRK,tHwh0qV2Rxw
201601290DAL,inUz0vEeNLs
201602010BRK,nsAMPqohU5k
201602050BRK,4R_oymvo7do
201602060PHI,H_XUvNEED4I
201602100BRK,3fT6aYz2N9w
201602250PHO,4Wm-kxnEprs
201602270UTA,G1T4UekSwEY
201602290LAC,7lR0LwIJowg
201603050MIN,4R_oymvo7do
201603110PHI,kBTkqrPNUBU
201603130BRK,T1a1qATY9nU
201603150BRK,172rhkuOthg
201603190DET,pXo1qyiHEBM
201604060WAS,08fJ75uuYJo
201604110BRK,AhUbAbQ6DeM
201510270ATL,9UmMR7tV0b4
201510280DET,XKVdpWvN680
201511060PHO,WeG5yXrO63k
201511110SAC,K_kBmIdrT0A
201511140LAC,S3I9bZjK7To
201511200MIN,FlgogELYnI0
201511210DET,YKu4rMNVLFk
201511230MIL,qyeLbG6M3d4
201511270OKC,bk_wWXmr5tQ
201512020DET,GbbgB5mfZ34
201512040DET,0t7tajp0Bok
201512090DET,S_KdG2XsWwM
201512110PHI,XQrXcjaaWuw
201512140DET,rQ7ONhFsX2k
201512160DET,AOYACk7m7Fk
201512230ATL,9UmMR7tV0b4
201512260DET,U0zLxF8uDi8
201512310DET,XGCTR6udiNo
201601060BOS,VxId0LrseL4
201601120DET,ENACKBXq4J4
201601140MEM,yHagqVkOZnk
201601250UTA,4FbSCs4yYDA
201601270DET,Faqok3rWJ1E
201602030BOS,J6k4WtCRB08
201602190WAS,xR2RXh-C9-Q
201602240DET,Faqok3rWJ1E
201602270MIL,J91AA7S7vM4
201603020SAS,ArJsnFa9Tbk
201603090DAL,J_4xKKPckgI
201603120PHI,XQrXcjaaWuw
201603140WAS,IheZdx6cpH0
201603160DET,c20MNvqd1Wo
201603180DET,-VX7wp1zjeA
201603210DET,bfusMTajFR8
201603260DET,2Ztyfc_xs8M
201603290DET,ynzkzqzTwTA
201604010DET,MpeVVtUs39k
201604080DET,gdok10mulF0
201511070ATL,SlWXn98Hpe4
201511090ATL,YESSefxU_lo
201511130BOS,WZwbp2nNFhY
201511150ATL,t7QFdDsI1jY
201511180ATL,lNKC0FfTa5Q
201511240ATL,Y9BnsQw1qfY
201511250MIN,4FVlfSyw9B8
201511270MEM,lNKC0FfTa5Q
201511280SAS,qShdH_XJ23w
201511300ATL,tHwh0qV2Rxw
201512090DAL,x6d5JdoLu7Q
201512100OKC,qShdH_XJ23w
201512120ATL,3-n4w75FUCg
201512160ATL,9j88WP6PCmw
201512180BOS,g4ZZUeFCNss
201601070PHI,j8EHzjSEG50
201601150MIL,bwhM0PYF5bk
201601210SAC,1nxqvse1BtM
201601230PHO,1nxqvse1BtM
201601270ATL,ngx0TqVbnDk
201602010ATL,qohzSox1xEA
201602030PHI,HFk73_EdK3o
201602200ATL,P8GAn-B6m3E
201603050LAC,g4ZZUeFCNss
201603080UTA,YLEler5ONzY
201603120ATL,45RUhArgaUU
201603210ATL,km-D6M6cVyY
201603230WAS,NK2q9nBjNDU
201603250ATL,P8GAn-B6m3E
201604050ATL,zFIAZBAHu0A
201604090ATL,YC6nfiNEons
201604130WAS,km-D6M6cVyY
201604160ATL,g4ZZUeFCNss
201604190ATL,OBm-9pAynWU
201604220BOS,XLc-bIA67_c
201604240BOS,TpxjbQytxH8
201604260ATL,yYVCeB7MJuA
201604280BOS,yYVCeB7MJuA
201510300MIL,uPPFym-NIxs
201511040MIL,WZwbp2nNFhY
201511100MIL,ZxUbmk8QWmI
201511170WAS,DzPyQCiRAQ4
201511250MIL,2PT68X8Qrjc
201512020SAS,nMpGnT0sAYc
201512090MIL,aFurXHK8ps4
201512160LAC,KMsA3tHXcm0
201512200PHO,Bi7-b2E5SpE
201512230MIL,gOcIlslKXCQ
201512280DAL,8uRhJ0ByGlE
201512290OKC,LxyY2BH-Z64
201601020MIN,OacHO3OR4hg
201601040MIL,ZZwVbr0AnjU
201601080MIL,kwM3oD6frqo
201601130WAS,Xji_byUdhCA
201601280MEM,dGHE0fDa2RY
201602010SAC,EMEywnJZwOM
201602050UTA,zFIAZBAHu0A
201602090MIL,wg7JpR5jOec
201602110MIL,aB60Ttt_3Sw
201602250BOS,vr1QJUscwmA
201603040MIL,7o_NGfLxGS4
201603060MIL,tHwh0qV2Rxw
201603170MIL,lv1vIe2BKTw
201603200MIL,VthmBAsXvRU
201603300MIL,1CZFnTnhQdI
201604080BOS,Lj3aFjGSvS4
201604100PHI,ydThZ4ld05A
201510280SAC,eDjbFtPZWdo
201510310LAC,dp0veeFa378
201511030SAC,vaeVnwt1vjU
201511040PHO,49-jCQI5LVM
201511090SAC,VxvSQml_Zic
201511270SAC,zn5RBEPiWrI
201511300SAC,hYSx_sApRSY
201512030SAC,UDGHwBbOxcY
201512060OKC,20uAYozx_5U
201512080SAC,JHo4E9hqHfU
201512180MIN,FG2j7x61XsM
201512210WAS,goaZYDAa8ek
201512300SAC,Q4_P-EHnkJ4
201601020SAC,ca2lmd_Wdmg
201601040OKC,-USrOy-aCmQ
201601050DAL,8f1oZZxoAPo
201601140UTA,vQaGX4-Sfvg
201601160LAC,I_ZJeDPMrhY
201601300MEM,M67B7VEOeRg
201602070BOS,wzGmRZjcXVg
201602100PHI,NfSWimBwAcs
201602240SAC,7DOYefNV250
201602260SAC,IXti39VudNA
201602290SAC,qYkINBfidXk
201603020MEM,HnCgQacKB5o
201603030DAL,Jp5itlwP3Mo
201603050SAS,7DOYefNV250
201603130SAC,yIkKxzUm6zs
201603230MIN,zn5RBEPiWrI
201603250SAC,X9k4iZSJt_k
201603270SAC,ZDIzoOIlYsc
201603300SAC,I6jrLAgTOBM
201604070SAC,Y62vWWY-KZE
201604090SAC,9nI-T9pGt8E
201604110PHO,mgPn_vLQyqY
201510280PHO,ku6VBh4TMh0
201511020LAC,JMLP_M0nbFc
201511080OKC,JMLP_M0nbFc
201511120PHO,NfY6gXnn-Ds
201511230SAS,kM6TCq1E5EI
201512040WAS,49-jCQI5LVM
201512060MEM,JMLP_M0nbFc
201512130PHO,P1I5HA4FuG4
201512140DAL,ku6VBh4TMh0
201512210UTA,rNziLIZ5bEk
201512260PHO,9j88WP6PCmw
201512300SAS,rNziLIZ5bEk
201512310OKC,c_EP6B48WBE
201601150BOS,IrozpWEUTEM
201601170MIN,VN5A7DxmDE4
201601210PHO,giuAD1buYfg
201601260PHI,Pgy8_kh91GE
201601310DAL,RIXZ_f5wYjc
201602060PHO,1R8TsCDpeoE
201602080PHO,3T0q1rgKxyM
201602210PHO,giuAD1buYfg
201602220LAC,Eu6tvgUex6Y
201602270PHO,GbiMmWDrecA
201603060MEM,Wms3gnpf2YY
201603140PHO,lzmDKf6B7_A
201603170UTA,0yWD9EIXMHw
201603210PHO,mZiqxrVGTxQ
201603260PHO,3ZjNDvuMxzc
201603280MIN,tzy4WlqF3As
201604010PHO,08v_LcYLqPU
201604030PHO,29zAe-JNsQw
201604130PHO,Rtw71utiw-c
201511040WAS,lImYbfXNAO4
201511060BOS,HkxrJmFJKfI
201511100WAS,8BE1zcoQmKU
201511270BOS,UiqXZYErVDc
201512060WAS,x6d5JdoLu7Q
201512120DAL,LcFKhHM6xWE
201512140MEM,k2Elif0xs2w
201512160SAS,Dn04H4VAYh8
201512230WAS,S_KdG2XsWwM
201512280WAS,e6ThB2viH3Q
201601160WAS,HkxrJmFJKfI
201601250WAS,fr7yHRkQOpE
201602010OKC,W1LA2AsV68M
201602050WAS,05Z8yjBNZVg
201602180WAS,PuBrDpUPBaM
201602260PHI,UCsTc6ystv0
201602290WAS,l9ZGYwY0CUA
201603020MIN,a3DkbTylJCA
201603110UTA,AhUbAbQ6DeM
201603170PHI,Co2ermBTcwA
201603250WAS,mc658uA4rCs
201604030LAC,GamTLgFR_nA
201511150MIN,5XOE6s4npFk
201511230MIN,9akuxgnhXxk
201511290LAC,8Z_Wa1T7dq4
201512070MIN,EwMuHkAVrfU
201512210BOS,w0VJdzxMV4k
201512230MIN,dOmEcKiy4NM
201512280SAS,taBykdn0Dvg
201512300MIN,ZyZ-SU2TerI
201601040PHI,ZyZ-SU2TerI
201601100MIN,juMrayklwWQ
201601120MIN,ZoU30PDN_eE
201601150OKC,HQxnswLXmN0
201601200DAL,dDUNaVukYhw
201601230MIN,NWt1RYK4FgY
201601270MIN,Mz4SOJT2VNI
201601290UTA,ihU1zBPWpMA
201602030LAC,8Z_Wa1T7dq4
201602190MEM,I4fPqJdU7pk
201602220MIN,uNMvU5n8QD8
201602280DAL,LWgdxrKWD6U
201603080MIN,D7pOphnvxRY
201603110OKC,Wd8F2zf-Ljk
201603160MEM,7i1nlcskh3g
201603260MIN,09qzR0-EDdk
201603300MIN,8Z_Wa1T7dq4
201604010UTA,RqRLUJqUpfM
201604030MIN,dDUNaVukYhw
201510290LAC,_Sw15TZhWuc
201511110DAL,N7BG5AuVtK0
201511160PHI,G4SwIxYCnzQ
201511180BOS,x6d5JdoLu7Q
201511200DAL,x6d5JdoLu7Q
201511220OKC,ku6VBh4TMh0
201511240MEM,CPv6XBEqvtc
201511250SAS,eBpO8U61zlA
201512180DAL,jpCcwvvsmFA
201601130OKC,oxv6UxtAdV4
201601170SAS,ZheBjJi0n6w
201601180DAL,JkE6DSgBU4s
201601220DAL,7ZnawVCrxAM
201602050DAL,VxZrKBs2KkU
201602060MEM,3WC1nKOBZgg
201602090DAL,NT2oiDONpgU
201602210DAL,Zk-VZ_qC_RQ
201602240DAL,dDUNaVukYhw
201603070DAL,le0InML6Qh8
201604080DAL,ZnTUu1NO6W4
201604100LAC,rifMTBkS06s
201604110UTA,rifMTBkS06s
201604130DAL,rifMTBkS06s
201604160OKC,NtifS8nHVqQ
201604180OKC,7ZnawVCrxAM
201604210DAL,7ZnawVCrxAM
201604230DAL,4trscaLGzD4
201604250OKC,7ZnawVCrxAM
201511070UTA,Kotwny3Jf6c
201511090LAC,SogW7uGYbdU
201511160MEM,mN0oNEe1u0A
201511210SAS,O-ZoDltOmv0
201511290MEM,nWVYuClQIRc
201512030MEM,VxvSQml_Zic
201512080MEM,G-uccuqoiac
201512220PHI,S_KdG2XsWwM
201601020UTA,3GimAKGnESI
201601060OKC,YSJxZM65naQ
201601100MEM,3mUNX086R50
201603040MEM,a0TKEofio7w
201603090BOS,kFLGQgJaOwE
201603190MEM,drQfg1qlIDs
201603250SAS,tUS-LAnflqw
201603280MEM,AAjzDSuhW1E
201604120LAC,drQfg1qlIDs
201604170SAS,AAjzDSuhW1E
201604190SAS,AAjzDSuhW1E
201604220MEM,JqQaSLaIHMI
201604240MEM,AypJJx8LbGo
201510280OKC,A-YwLcYCA24
201511010BOS,m9GyKsZ3PYY
201511140SAS,N4FUn6QY0iY
201512050SAS,3ZjNDvuMxzc
201512070PHI,_K1zWclsI2I
201512140SAS,2GYv72LwdF8
201512180SAS,tjbEXAOWHIQ
201601060SAS,YYRaNnrqiMM
201602180LAC,NgG2wUZVtpo
201602250UTA,FuQM9ftyrWk
201603120SAS,2g9aeQQRhEs
201603150SAS,M2K7gOPcCIo
201603260OKC,NdMo04N41zQ
201604050UTA,ZZwVbr0AnjU
201604120SAS,CWjiGglJps0
201604300SAS,X_fsthfn8YM
201605020SAS,bN8uItwew9w
201605060OKC,c3oRbe73MZI
201605080OKC,bN8uItwew9w
201605100SAS,Dn-p8qGuxus
201605120OKC,Qfz8CxkQdbU
201510280BOS,jRPSjBB4dfA
201510300PHI,MYcFB8SZ8S0
201511130OKC,JqFbEHLdPdI
201511250BOS,AweWOtb5WN8
201512280UTA,LSj9L06Cjlw
201601020LAC,IyM00yp0Cno
201601240PHI,7VxEAFc3GVU
201602080PHI,D2vtH5JB7Gs
201603180PHI,HWsUulVMZGU
201603200PHI,ctTYC4_OdVc
201511150OKC,B9y_VSFcFUY
201602100BOS,7DT_8xZwDRU
201602190UTA,ce0qJYJ2JhM
201602290BOS,OzoeIC0HHmk
201603160BOS,P3kqTyBJaQY
201603280LAC,aqLHF46G7OA
201511230UTA,kfh5GwWQv3o
201511250LAC,eRGIoPHg0DE
201512110UTA,2E9btP2eb24
201512130OKC,tChnOlUwhUk
201512260UTA,eRGIoPHg0DE
201603240OKC,2YqruujQncc
201604080UTA,M0aWRmbSWS8
201512210LAC,tHwh0qV2Rxw
201603020LAC,tHwh0qV2Rxw
201603090OKC,hrgATzqMX6c
201603310OKC,Om-WCIBmfjY
