id,type,opponent,elapsedTime,event,teamScore,opponentScore,pointDifference
202510220POR,RS,MIN,0.0,,0,0,0
202510220POR,RS,MIN,46.0,,1,0,1
202510220POR,RS,MIN,46.0,,2,0,2
202510220POR,RS,MIN,76.0,,4,0,4
202510220POR,RS,MIN,92.0,,4,3,1
202510220POR,RS,MIN,109.0,LC,4,5,-1
202510220POR,RS,MIN,117.0,LC,7,5,2
202510220POR,RS,MIN,131.0,LC,7,8,-1
202510220POR,RS,MIN,174.0,LC,10,8,2
202510220POR,RS,MIN,190.0,LC,10,11,-1
202510220POR,RS,MIN,205.0,LC,13,11,2
202510220POR,RS,MIN,287.0,,15,11,4
202510220POR,RS,MIN,287.0,,16,11,5
202510220POR,RS,MIN,321.0,,17,11,6
202510220POR,RS,MIN,368.0,,17,13,4
202510220POR,RS,MIN,378.0,,19,13,6
202510220POR,RS,MIN,389.0,,19,14,5
202510220POR,RS,MIN,398.0,,19,17,2
202510220POR,RS,MIN,429.0,LC,19,20,-1
202510220POR,RS,MIN,441.0,LC,21,20,1
202510220POR,RS,MIN,453.0,LC,21,22,-1
202510220POR,RS,MIN,462.0,LC,23,22,1
202510220POR,RS,MIN,462.0,,24,22,2
202510220POR,RS,MIN,499.0,,25,22,3
202510220POR,RS,MIN,499.0,,26,22,4
202510220POR,RS,MIN,514.0,,26,23,3
202510220POR,RS,MIN,514.0,,26,24,2
202510220POR,RS,MIN,527.0,,29,24,5
202510220POR,RS,MIN,547.0,,29,25,4
202510220POR,RS,MIN,547.0,,29,26,3
202510220POR,RS,MIN,566.0,,31,26,5
202510220POR,RS,MIN,624.0,,31,28,3
202510220POR,RS,MIN,656.0,,32,28,4
202510220POR,RS,MIN,675.0,,32,30,2
202510220POR,RS,MIN,696.0,LC,32,33,-1
202510220POR,RS,MIN,720.0,LC,35,33,2
202510220POR,RS,MIN,776.0,,37,33,4
202510220POR,RS,MIN,811.0,,37,35,2
202510220POR,RS,MIN,820.0,,39,35,4
202510220POR,RS,MIN,862.0,,39,36,3
202510220POR,RS,MIN,877.0,,41,36,5
202510220POR,RS,MIN,964.0,,42,36,6
202510220POR,RS,MIN,964.0,,43,36,7
202510220POR,RS,MIN,1006.0,,43,38,5
202510220POR,RS,MIN,1037.0,,43,40,3
202510220POR,RS,MIN,1050.0,,46,40,6
202510220POR,RS,MIN,1074.0,,46,42,4
202510220POR,RS,MIN,1100.0,,46,43,3
202510220POR,RS,MIN,1109.0,,49,43,6
202510220POR,RS,MIN,1136.0,,49,46,3
202510220POR,RS,MIN,1165.0,,49,48,1
202510220POR,RS,MIN,1184.0,,51,48,3
202510220POR,RS,MIN,1204.0,,54,48,6
202510220POR,RS,MIN,1218.0,,54,51,3
202510220POR,RS,MIN,1242.0,,54,53,1
202510220POR,RS,MIN,1283.0,,56,53,3
202510220POR,RS,MIN,1318.0,,57,53,4
202510220POR,RS,MIN,1337.0,,57,55,2
202510220POR,RS,MIN,1362.0,,59,55,4
202510220POR,RS,MIN,1386.0,,61,55,6
202510220POR,RS,MIN,1404.0,,61,57,4
202510220POR,RS,MIN,1461.0,,61,59,2
202510220POR,RS,MIN,1461.0,,61,60,1
202510220POR,RS,MIN,1479.0,,63,60,3
202510220POR,RS,MIN,1522.0,,63,62,1
202510220POR,RS,MIN,1529.0,,65,62,3
202510220POR,RS,MIN,1563.0,,67,62,5
202510220POR,RS,MIN,1563.0,,68,62,6
202510220POR,RS,MIN,1578.0,,68,63,5
202510220POR,RS,MIN,1586.0,,68,64,4
202510220POR,RS,MIN,1604.0,,68,66,2
202510220POR,RS,MIN,1637.0,,71,66,5
202510220POR,RS,MIN,1651.0,,73,66,7
202510220POR,RS,MIN,1673.0,,73,69,4
202510220POR,RS,MIN,1710.0,,73,70,3
202510220POR,RS,MIN,1759.0,,73,72,1
202510220POR,RS,MIN,1769.0,,76,72,4
202510220POR,RS,MIN,1796.0,,76,74,2
202510220POR,RS,MIN,1831.0,,78,74,4
202510220POR,RS,MIN,1858.0,,79,74,5
202510220POR,RS,MIN,1858.0,,80,74,6
202510220POR,RS,MIN,1866.0,,80,75,5
202510220POR,RS,MIN,1866.0,,80,76,4
202510220POR,RS,MIN,1907.0,,80,78,2
202510220POR,RS,MIN,1922.0,,81,78,3
202510220POR,RS,MIN,1922.0,,82,78,4
202510220POR,RS,MIN,1933.0,,82,81,1
202510220POR,RS,MIN,1951.0,,84,81,3
202510220POR,RS,MIN,1951.0,,85,81,4
202510220POR,RS,MIN,1992.0,,86,81,5
202510220POR,RS,MIN,2015.0,,86,83,3
202510220POR,RS,MIN,2024.0,,87,83,4
202510220POR,RS,MIN,2055.0,,87,85,2
202510220POR,RS,MIN,2064.0,,90,85,5
202510220POR,RS,MIN,2095.0,,92,85,7
202510220POR,RS,MIN,2110.0,,92,88,4
202510220POR,RS,MIN,2156.0,,95,88,7
202510220POR,RS,MIN,2176.0,,95,90,5
202510220POR,RS,MIN,2199.0,,96,90,6
202510220POR,RS,MIN,2199.0,,97,90,7
202510220POR,RS,MIN,2212.0,,97,91,6
202510220POR,RS,MIN,2276.0,,97,93,4
202510220POR,RS,MIN,2285.0,,99,93,6
202510220POR,RS,MIN,2285.0,,100,93,7
202510220POR,RS,MIN,2305.0,,100,94,6
202510220POR,RS,MIN,2305.0,,100,95,5
202510220POR,RS,MIN,2326.0,,103,95,8
202510220POR,RS,MIN,2362.0,,103,96,7
202510220POR,RS,MIN,2446.0,,103,98,5
202510220POR,RS,MIN,2473.0,,103,99,4
202510220POR,RS,MIN,2473.0,,103,100,3
202510220POR,RS,MIN,2513.0,,105,100,5
202510220POR,RS,MIN,2529.0,,105,103,2
202510220POR,RS,MIN,2559.0,,107,103,4
202510220POR,RS,MIN,2611.0,,107,105,2
202510220POR,RS,MIN,2664.0,LC,107,108,-1
202510220POR,RS,MIN,2676.0,T,108,108,0
202510220POR,RS,MIN,2720.0,LC,109,108,1
202510220POR,RS,MIN,2720.0,,110,108,2
202510220POR,RS,MIN,2735.0,LC,110,111,-1
202510220POR,RS,MIN,2754.0,T,111,111,0
202510220POR,RS,MIN,2754.0,LC,112,111,1
202510220POR,RS,MIN,2806.0,LC,112,114,-2
202510220POR,RS,MIN,2848.0,,112,116,-4
202510220POR,RS,MIN,2852.0,,113,116,-3
202510220POR,RS,MIN,2852.0,,114,116,-2
202510220POR,RS,MIN,2873.0,F,114,118,-4
202510220POR,RS,MIN,2880.0,,114,118,-4
202510240POR,RS,GSW,0.0,,0,0,0
202510240POR,RS,GSW,19.0,,2,0,2
202510240POR,RS,GSW,78.0,LC,2,3,-1
202510240POR,RS,GSW,85.0,LC,4,3,1
202510240POR,RS,GSW,96.0,LC,4,5,-1
202510240POR,RS,GSW,153.0,,4,8,-4
202510240POR,RS,GSW,227.0,,4,10,-6
202510240POR,RS,GSW,243.0,,4,11,-7
202510240POR,RS,GSW,243.0,,4,12,-8
202510240POR,RS,GSW,258.0,,7,12,-5
202510240POR,RS,GSW,315.0,,8,12,-4
202510240POR,RS,GSW,315.0,,9,12,-3
202510240POR,RS,GSW,326.0,,9,13,-4
202510240POR,RS,GSW,326.0,,9,14,-5
202510240POR,RS,GSW,357.0,,11,14,-3
202510240POR,RS,GSW,382.0,,13,14,-1
202510240POR,RS,GSW,398.0,,13,17,-4
202510240POR,RS,GSW,413.0,,16,17,-1
202510240POR,RS,GSW,413.0,T,17,17,0
202510240POR,RS,GSW,424.0,,17,20,-3
202510240POR,RS,GSW,448.0,,17,23,-6
202510240POR,RS,GSW,471.0,,17,25,-8
202510240POR,RS,GSW,503.0,,19,25,-6
202510240POR,RS,GSW,524.0,,19,27,-8
202510240POR,RS,GSW,537.0,,21,27,-6
202510240POR,RS,GSW,537.0,,22,27,-5
202510240POR,RS,GSW,573.0,,23,27,-4
202510240POR,RS,GSW,573.0,,24,27,-3
202510240POR,RS,GSW,626.0,,24,28,-4
202510240POR,RS,GSW,637.0,,26,28,-2
202510240POR,RS,GSW,690.0,,27,28,-1
202510240POR,RS,GSW,690.0,T,28,28,0
202510240POR,RS,GSW,738.0,,28,30,-2
202510240POR,RS,GSW,759.0,,28,33,-5
202510240POR,RS,GSW,771.0,,31,33,-2
202510240POR,RS,GSW,804.0,T,33,33,0
202510240POR,RS,GSW,868.0,LC,36,33,3
202510240POR,RS,GSW,894.0,,36,35,1
202510240POR,RS,GSW,905.0,,37,35,2
202510240POR,RS,GSW,972.0,,37,36,1
202510240POR,RS,GSW,972.0,T,37,37,0
202510240POR,RS,GSW,990.0,,40,37,3
202510240POR,RS,GSW,1001.0,,40,39,1
202510240POR,RS,GSW,1018.0,,43,39,4
202510240POR,RS,GSW,1033.0,,43,41,2
202510240POR,RS,GSW,1033.0,,43,42,1
202510240POR,RS,GSW,1040.0,,45,42,3
202510240POR,RS,GSW,1085.0,,48,42,6
202510240POR,RS,GSW,1122.0,,48,45,3
202510240POR,RS,GSW,1152.0,,51,45,6
202510240POR,RS,GSW,1197.0,,51,47,4
202510240POR,RS,GSW,1197.0,,51,48,3
202510240POR,RS,GSW,1220.0,T,51,51,0
202510240POR,RS,GSW,1259.0,,52,51,1
202510240POR,RS,GSW,1259.0,,53,51,2
202510240POR,RS,GSW,1259.0,,54,51,3
202510240POR,RS,GSW,1283.0,,57,51,6
202510240POR,RS,GSW,1300.0,,57,53,4
202510240POR,RS,GSW,1314.0,,59,53,6
202510240POR,RS,GSW,1335.0,,61,53,8
202510240POR,RS,GSW,1348.0,,61,55,6
202510240POR,RS,GSW,1383.0,,63,55,8
202510240POR,RS,GSW,1414.0,,66,55,11
202510240POR,RS,GSW,1423.0,,66,56,10
202510240POR,RS,GSW,1438.0,,69,56,13
202510240POR,RS,GSW,1454.0,,69,58,11
202510240POR,RS,GSW,1497.0,,69,61,8
202510240POR,RS,GSW,1523.0,,70,61,9
202510240POR,RS,GSW,1523.0,,71,61,10
202510240POR,RS,GSW,1547.0,,71,62,9
202510240POR,RS,GSW,1547.0,,71,63,8
202510240POR,RS,GSW,1554.0,,73,63,10
202510240POR,RS,GSW,1576.0,,73,66,7
202510240POR,RS,GSW,1592.0,,75,66,9
202510240POR,RS,GSW,1601.0,,75,67,8
202510240POR,RS,GSW,1601.0,,75,68,7
202510240POR,RS,GSW,1642.0,,78,68,10
202510240POR,RS,GSW,1662.0,,81,68,13
202510240POR,RS,GSW,1690.0,,81,71,10
202510240POR,RS,GSW,1690.0,,81,72,9
202510240POR,RS,GSW,1711.0,,83,72,11
202510240POR,RS,GSW,1740.0,,83,74,9
202510240POR,RS,GSW,1751.0,,85,74,11
202510240POR,RS,GSW,1762.0,,85,76,9
202510240POR,RS,GSW,1770.0,,87,76,11
202510240POR,RS,GSW,1783.0,,87,77,10
202510240POR,RS,GSW,1783.0,,87,78,9
202510240POR,RS,GSW,1816.0,,89,78,11
202510240POR,RS,GSW,1826.0,,89,79,10
202510240POR,RS,GSW,1826.0,,89,80,9
202510240POR,RS,GSW,1834.0,,91,80,11
202510240POR,RS,GSW,1857.0,,94,80,14
202510240POR,RS,GSW,1881.0,,97,80,17
202510240POR,RS,GSW,1924.0,,97,83,14
202510240POR,RS,GSW,1932.0,,98,83,15
202510240POR,RS,GSW,1932.0,,99,83,16
202510240POR,RS,GSW,1979.0,,101,83,18
202510240POR,RS,GSW,1987.0,,101,84,17
202510240POR,RS,GSW,1987.0,,101,85,16
202510240POR,RS,GSW,2019.0,,101,87,14
202510240POR,RS,GSW,2045.0,,101,88,13
202510240POR,RS,GSW,2116.0,,101,91,10
202510240POR,RS,GSW,2141.0,,103,91,12
202510240POR,RS,GSW,2207.0,,105,91,14
202510240POR,RS,GSW,2223.0,,106,91,15
202510240POR,RS,GSW,2223.0,,107,91,16
202510240POR,RS,GSW,2242.0,,109,91,18
202510240POR,RS,GSW,2279.0,,109,93,16
202510240POR,RS,GSW,2287.0,,112,93,19
202510240POR,RS,GSW,2296.0,,112,96,16
202510240POR,RS,GSW,2301.0,,114,96,18
202510240POR,RS,GSW,2301.0,,115,96,19
202510240POR,RS,GSW,2319.0,,115,97,18
202510240POR,RS,GSW,2319.0,,115,98,17
202510240POR,RS,GSW,2327.0,,117,98,19
202510240POR,RS,GSW,2381.0,,119,98,21
202510240POR,RS,GSW,2395.0,,119,99,20
202510240POR,RS,GSW,2402.0,,121,99,22
202510240POR,RS,GSW,2418.0,,121,102,19
202510240POR,RS,GSW,2435.0,,121,103,18
202510240POR,RS,GSW,2435.0,,121,104,17
202510240POR,RS,GSW,2450.0,,123,104,19
202510240POR,RS,GSW,2525.0,,125,104,21
202510240POR,RS,GSW,2550.0,,127,104,23
202510240POR,RS,GSW,2550.0,,128,104,24
202510240POR,RS,GSW,2579.0,,128,106,22
202510240POR,RS,GSW,2590.0,,128,107,21
202510240POR,RS,GSW,2590.0,,128,108,20
202510240POR,RS,GSW,2608.0,,129,108,21
202510240POR,RS,GSW,2608.0,,130,108,22
202510240POR,RS,GSW,2627.0,,131,108,23
202510240POR,RS,GSW,2638.0,,133,108,25
202510240POR,RS,GSW,2657.0,,133,109,24
202510240POR,RS,GSW,2657.0,,133,110,23
202510240POR,RS,GSW,2671.0,,135,110,25
202510240POR,RS,GSW,2685.0,,135,112,23
202510240POR,RS,GSW,2724.0,,135,114,21
202510240POR,RS,GSW,2736.0,,137,114,23
202510240POR,RS,GSW,2760.0,,137,115,22
202510240POR,RS,GSW,2760.0,,137,116,21
202510240POR,RS,GSW,2795.0,,139,116,23
202510240POR,RS,GSW,2845.0,F,139,119,20
202510240POR,RS,GSW,2880.0,,139,119,20
202510260LAC,RS,LAC,0.0,,0,0,0
202510260LAC,RS,LAC,26.0,,0,2,-2
202510260LAC,RS,LAC,55.0,T,2,2,0
202510260LAC,RS,LAC,74.0,,2,4,-2
202510260LAC,RS,LAC,89.0,T,4,4,0
202510260LAC,RS,LAC,119.0,,4,6,-2
202510260LAC,RS,LAC,135.0,T,6,6,0
202510260LAC,RS,LAC,153.0,,6,9,-3
202510260LAC,RS,LAC,153.0,,6,10,-4
202510260LAC,RS,LAC,210.0,,6,12,-6
202510260LAC,RS,LAC,224.0,,9,12,-3
202510260LAC,RS,LAC,253.0,,10,12,-2
202510260LAC,RS,LAC,253.0,,11,12,-1
202510260LAC,RS,LAC,269.0,,11,14,-3
202510260LAC,RS,LAC,318.0,T,14,14,0
202510260LAC,RS,LAC,377.0,,14,16,-2
202510260LAC,RS,LAC,387.0,T,16,16,0
202510260LAC,RS,LAC,401.0,,16,19,-3
202510260LAC,RS,LAC,442.0,,16,21,-5
202510260LAC,RS,LAC,475.0,,18,21,-3
202510260LAC,RS,LAC,493.0,,18,23,-5
202510260LAC,RS,LAC,535.0,,18,25,-7
202510260LAC,RS,LAC,546.0,,18,27,-9
202510260LAC,RS,LAC,573.0,,19,27,-8
202510260LAC,RS,LAC,573.0,,20,27,-7
202510260LAC,RS,LAC,597.0,,20,29,-9
202510260LAC,RS,LAC,614.0,,21,29,-8
202510260LAC,RS,LAC,614.0,,22,29,-7
202510260LAC,RS,LAC,638.0,,22,32,-10
202510260LAC,RS,LAC,656.0,,23,32,-9
202510260LAC,RS,LAC,680.0,,23,33,-10
202510260LAC,RS,LAC,680.0,,23,34,-11
202510260LAC,RS,LAC,742.0,,26,34,-8
202510260LAC,RS,LAC,764.0,,26,36,-10
202510260LAC,RS,LAC,824.0,,29,36,-7
202510260LAC,RS,LAC,856.0,,30,36,-6
202510260LAC,RS,LAC,856.0,,31,36,-5
202510260LAC,RS,LAC,891.0,,31,38,-7
202510260LAC,RS,LAC,896.0,,32,38,-6
202510260LAC,RS,LAC,947.0,,32,40,-8
202510260LAC,RS,LAC,966.0,,32,42,-10
202510260LAC,RS,LAC,980.0,,35,42,-7
202510260LAC,RS,LAC,1006.0,,37,42,-5
202510260LAC,RS,LAC,1006.0,,38,42,-4
202510260LAC,RS,LAC,1043.0,,39,42,-3
202510260LAC,RS,LAC,1043.0,,40,42,-2
202510260LAC,RS,LAC,1076.0,T,42,42,0
202510260LAC,RS,LAC,1079.0,LC,44,42,2
202510260LAC,RS,LAC,1104.0,,45,42,3
202510260LAC,RS,LAC,1104.0,,46,42,4
202510260LAC,RS,LAC,1136.0,,46,44,2
202510260LAC,RS,LAC,1169.0,,49,44,5
202510260LAC,RS,LAC,1183.0,,50,44,6
202510260LAC,RS,LAC,1183.0,,51,44,7
202510260LAC,RS,LAC,1246.0,,53,44,9
202510260LAC,RS,LAC,1281.0,,55,44,11
202510260LAC,RS,LAC,1301.0,,55,46,9
202510260LAC,RS,LAC,1319.0,,58,46,12
202510260LAC,RS,LAC,1332.0,,58,47,11
202510260LAC,RS,LAC,1332.0,,58,48,10
202510260LAC,RS,LAC,1360.0,,58,50,8
202510260LAC,RS,LAC,1380.0,,60,50,10
202510260LAC,RS,LAC,1398.0,,60,51,9
202510260LAC,RS,LAC,1398.0,,60,52,8
202510260LAC,RS,LAC,1428.0,,60,55,5
202510260LAC,RS,LAC,1466.0,,63,55,8
202510260LAC,RS,LAC,1488.0,,63,57,6
202510260LAC,RS,LAC,1506.0,,66,57,9
202510260LAC,RS,LAC,1525.0,,66,59,7
202510260LAC,RS,LAC,1534.0,,66,62,4
202510260LAC,RS,LAC,1586.0,,68,62,6
202510260LAC,RS,LAC,1597.0,,68,65,3
202510260LAC,RS,LAC,1626.0,,68,67,1
202510260LAC,RS,LAC,1626.0,T,68,68,0
202510260LAC,RS,LAC,1641.0,,69,68,1
202510260LAC,RS,LAC,1641.0,,70,68,2
202510260LAC,RS,LAC,1659.0,T,70,70,0
202510260LAC,RS,LAC,1675.0,,72,70,2
202510260LAC,RS,LAC,1699.0,LC,72,73,-1
202510260LAC,RS,LAC,1710.0,LC,74,73,1
202510260LAC,RS,LAC,1742.0,,75,73,2
202510260LAC,RS,LAC,1797.0,LC,75,76,-1
202510260LAC,RS,LAC,1805.0,T,76,76,0
202510260LAC,RS,LAC,1858.0,,76,77,-1
202510260LAC,RS,LAC,1858.0,,76,78,-2
202510260LAC,RS,LAC,1892.0,,76,80,-4
202510260LAC,RS,LAC,1919.0,,77,80,-3
202510260LAC,RS,LAC,1919.0,,78,80,-2
202510260LAC,RS,LAC,1937.0,,78,82,-4
202510260LAC,RS,LAC,2008.0,,78,84,-6
202510260LAC,RS,LAC,2111.0,,78,87,-9
202510260LAC,RS,LAC,2122.0,,80,87,-7
202510260LAC,RS,LAC,2137.0,,81,87,-6
202510260LAC,RS,LAC,2137.0,,82,87,-5
202510260LAC,RS,LAC,2174.0,,84,87,-3
202510260LAC,RS,LAC,2283.0,,84,90,-6
202510260LAC,RS,LAC,2292.0,,85,90,-5
202510260LAC,RS,LAC,2310.0,,85,93,-8
202510260LAC,RS,LAC,2360.0,,87,93,-6
202510260LAC,RS,LAC,2360.0,,88,93,-5
202510260LAC,RS,LAC,2380.0,,88,96,-8
202510260LAC,RS,LAC,2396.0,,88,97,-9
202510260LAC,RS,LAC,2396.0,,88,98,-10
202510260LAC,RS,LAC,2413.0,,91,98,-7
202510260LAC,RS,LAC,2434.0,,93,98,-5
202510260LAC,RS,LAC,2454.0,,93,100,-7
202510260LAC,RS,LAC,2523.0,,93,102,-9
202510260LAC,RS,LAC,2536.0,,93,104,-11
202510260LAC,RS,LAC,2566.0,,95,104,-9
202510260LAC,RS,LAC,2583.0,,95,106,-11
202510260LAC,RS,LAC,2594.0,,98,106,-8
202510260LAC,RS,LAC,2618.0,,98,108,-10
202510260LAC,RS,LAC,2618.0,,98,109,-11
202510260LAC,RS,LAC,2645.0,,100,109,-9
202510260LAC,RS,LAC,2668.0,,102,109,-7
202510260LAC,RS,LAC,2690.0,,102,110,-8
202510260LAC,RS,LAC,2699.0,,103,110,-7
202510260LAC,RS,LAC,2724.0,,103,112,-9
202510260LAC,RS,LAC,2737.0,,105,112,-7
202510260LAC,RS,LAC,2759.0,,105,114,-9
202510260LAC,RS,LAC,2841.0,F,107,114,-7
202510260LAC,RS,LAC,2880.0,,107,114,-7
202510270LAL,RS,LAL,0.0,,0,0,0
202510270LAL,RS,LAL,61.0,,0,2,-2
202510270LAL,RS,LAL,116.0,,1,2,-1
202510270LAL,RS,LAL,116.0,T,2,2,0
202510270LAL,RS,LAL,144.0,,2,4,-2
202510270LAL,RS,LAL,152.0,T,4,4,0
202510270LAL,RS,LAL,174.0,,4,5,-1
202510270LAL,RS,LAL,174.0,,4,6,-2
202510270LAL,RS,LAL,196.0,T,6,6,0
202510270LAL,RS,LAL,218.0,,6,8,-2
202510270LAL,RS,LAL,251.0,,6,10,-4
202510270LAL,RS,LAL,263.0,,9,10,-1
202510270LAL,RS,LAL,299.0,,9,12,-3
202510270LAL,RS,LAL,313.0,,9,14,-5
202510270LAL,RS,LAL,329.0,,12,14,-2
202510270LAL,RS,LAL,367.0,T,14,14,0
202510270LAL,RS,LAL,387.0,,14,15,-1
202510270LAL,RS,LAL,387.0,,14,16,-2
202510270LAL,RS,LAL,398.0,T,16,16,0
202510270LAL,RS,LAL,416.0,,16,18,-2
202510270LAL,RS,LAL,416.0,,16,19,-3
202510270LAL,RS,LAL,471.0,,18,19,-1
202510270LAL,RS,LAL,483.0,,18,21,-3
202510270LAL,RS,LAL,565.0,,20,21,-1
202510270LAL,RS,LAL,579.0,,20,23,-3
202510270LAL,RS,LAL,594.0,,21,23,-2
202510270LAL,RS,LAL,665.0,T,23,23,0
202510270LAL,RS,LAL,675.0,,23,24,-1
202510270LAL,RS,LAL,688.0,LC,25,24,1
202510270LAL,RS,LAL,720.0,,28,24,4
202510270LAL,RS,LAL,739.0,,28,26,2
202510270LAL,RS,LAL,762.0,,30,26,4
202510270LAL,RS,LAL,762.0,,31,26,5
202510270LAL,RS,LAL,805.0,,31,28,3
202510270LAL,RS,LAL,844.0,,31,30,1
202510270LAL,RS,LAL,852.0,LC,31,32,-1
202510270LAL,RS,LAL,869.0,LC,33,32,1
202510270LAL,RS,LAL,911.0,LC,33,34,-1
202510270LAL,RS,LAL,927.0,LC,35,34,1
202510270LAL,RS,LAL,1001.0,LC,35,36,-1
202510270LAL,RS,LAL,1018.0,LC,37,36,1
202510270LAL,RS,LAL,1035.0,LC,37,38,-1
202510270LAL,RS,LAL,1074.0,LC,40,38,2
202510270LAL,RS,LAL,1102.0,,42,38,4
202510270LAL,RS,LAL,1138.0,,44,38,6
202510270LAL,RS,LAL,1162.0,,46,38,8
202510270LAL,RS,LAL,1201.0,,46,40,6
202510270LAL,RS,LAL,1238.0,,46,41,5
202510270LAL,RS,LAL,1262.0,,48,41,7
202510270LAL,RS,LAL,1272.0,,48,42,6
202510270LAL,RS,LAL,1312.0,,48,43,5
202510270LAL,RS,LAL,1312.0,,48,44,4
202510270LAL,RS,LAL,1327.0,,50,44,6
202510270LAL,RS,LAL,1348.0,,51,44,7
202510270LAL,RS,LAL,1348.0,,52,44,8
202510270LAL,RS,LAL,1370.0,,52,47,5
202510270LAL,RS,LAL,1383.0,,55,47,8
202510270LAL,RS,LAL,1401.0,,55,48,7
202510270LAL,RS,LAL,1401.0,,55,49,6
202510270LAL,RS,LAL,1418.0,,55,51,4
202510270LAL,RS,LAL,1436.0,,56,51,5
202510270LAL,RS,LAL,1436.0,,57,51,6
202510270LAL,RS,LAL,1506.0,,59,51,8
202510270LAL,RS,LAL,1528.0,,59,53,6
202510270LAL,RS,LAL,1538.0,,60,53,7
202510270LAL,RS,LAL,1538.0,,61,53,8
202510270LAL,RS,LAL,1564.0,,63,53,10
202510270LAL,RS,LAL,1577.0,,65,53,12
202510270LAL,RS,LAL,1608.0,,65,56,9
202510270LAL,RS,LAL,1636.0,,65,58,7
202510270LAL,RS,LAL,1653.0,,67,58,9
202510270LAL,RS,LAL,1715.0,,70,58,12
202510270LAL,RS,LAL,1754.0,,73,58,15
202510270LAL,RS,LAL,1801.0,,73,61,12
202510270LAL,RS,LAL,1819.0,,76,61,15
202510270LAL,RS,LAL,1838.0,,76,63,13
202510270LAL,RS,LAL,1855.0,,76,65,11
202510270LAL,RS,LAL,1855.0,,76,66,10
202510270LAL,RS,LAL,1875.0,,76,68,8
202510270LAL,RS,LAL,1886.0,,76,69,7
202510270LAL,RS,LAL,1886.0,,76,70,6
202510270LAL,RS,LAL,1898.0,,78,70,8
202510270LAL,RS,LAL,1953.0,,81,70,11
202510270LAL,RS,LAL,1964.0,,81,73,8
202510270LAL,RS,LAL,1991.0,,84,73,11
202510270LAL,RS,LAL,2024.0,,84,75,9
202510270LAL,RS,LAL,2050.0,,84,77,7
202510270LAL,RS,LAL,2105.0,,86,77,9
202510270LAL,RS,LAL,2126.0,,89,77,12
202510270LAL,RS,LAL,2174.0,,91,77,14
202510270LAL,RS,LAL,2192.0,,91,78,13
202510270LAL,RS,LAL,2192.0,,91,79,12
202510270LAL,RS,LAL,2217.0,,94,79,15
202510270LAL,RS,LAL,2252.0,,97,79,18
202510270LAL,RS,LAL,2278.0,,97,81,16
202510270LAL,RS,LAL,2298.0,,97,83,14
202510270LAL,RS,LAL,2339.0,,97,85,12
202510270LAL,RS,LAL,2361.0,,99,85,14
202510270LAL,RS,LAL,2379.0,,99,86,13
202510270LAL,RS,LAL,2379.0,,99,87,12
202510270LAL,RS,LAL,2397.0,,101,87,14
202510270LAL,RS,LAL,2416.0,,101,90,11
202510270LAL,RS,LAL,2432.0,,103,90,13
202510270LAL,RS,LAL,2449.0,,103,92,11
202510270LAL,RS,LAL,2473.0,,103,94,9
202510270LAL,RS,LAL,2496.0,,105,94,11
202510270LAL,RS,LAL,2523.0,,106,94,12
202510270LAL,RS,LAL,2523.0,,107,94,13
202510270LAL,RS,LAL,2544.0,,107,96,11
202510270LAL,RS,LAL,2572.0,,109,96,13
202510270LAL,RS,LAL,2598.0,,109,97,12
202510270LAL,RS,LAL,2598.0,,109,98,11
202510270LAL,RS,LAL,2613.0,,111,98,13
202510270LAL,RS,LAL,2626.0,,111,100,11
202510270LAL,RS,LAL,2647.0,,113,100,13
202510270LAL,RS,LAL,2660.0,,113,102,11
202510270LAL,RS,LAL,2667.0,,114,102,12
202510270LAL,RS,LAL,2667.0,,115,102,13
202510270LAL,RS,LAL,2692.0,,115,105,10
202510270LAL,RS,LAL,2716.0,,117,105,12
202510270LAL,RS,LAL,2796.0,,119,105,14
202510270LAL,RS,LAL,2845.0,,122,105,17
202510270LAL,RS,LAL,2854.0,F,122,108,14
202510270LAL,RS,LAL,2880.0,,122,108,14
202510290UTA,RS,UTA,0.0,,0,0,0
202510290UTA,RS,UTA,54.0,,0,3,-3
202510290UTA,RS,UTA,119.0,,2,3,-1
202510290UTA,RS,UTA,141.0,,2,4,-2
202510290UTA,RS,UTA,141.0,,2,5,-3
202510290UTA,RS,UTA,176.0,,2,8,-6
202510290UTA,RS,UTA,189.0,,4,8,-4
202510290UTA,RS,UTA,205.0,,4,10,-6
202510290UTA,RS,UTA,228.0,,4,13,-9
202510290UTA,RS,UTA,240.0,,7,13,-6
202510290UTA,RS,UTA,306.0,,10,13,-3
202510290UTA,RS,UTA,321.0,,10,15,-5
202510290UTA,RS,UTA,341.0,,13,15,-2
202510290UTA,RS,UTA,358.0,,13,17,-4
202510290UTA,RS,UTA,367.0,,15,17,-2
202510290UTA,RS,UTA,383.0,,15,18,-3
202510290UTA,RS,UTA,383.0,,15,19,-4
202510290UTA,RS,UTA,402.0,,15,21,-6
202510290UTA,RS,UTA,413.0,,18,21,-3
202510290UTA,RS,UTA,424.0,,18,23,-5
202510290UTA,RS,UTA,434.0,,20,23,-3
202510290UTA,RS,UTA,438.0,,20,24,-4
202510290UTA,RS,UTA,449.0,,20,26,-6
202510290UTA,RS,UTA,458.0,,21,26,-5
202510290UTA,RS,UTA,458.0,,22,26,-4
202510290UTA,RS,UTA,458.0,,23,26,-3
202510290UTA,RS,UTA,477.0,T,26,26,0
202510290UTA,RS,UTA,499.0,,26,27,-1
202510290UTA,RS,UTA,518.0,T,27,27,0
202510290UTA,RS,UTA,518.0,LC,28,27,1
202510290UTA,RS,UTA,534.0,LC,28,30,-2
202510290UTA,RS,UTA,558.0,,28,32,-4
202510290UTA,RS,UTA,575.0,,28,33,-5
202510290UTA,RS,UTA,575.0,,28,34,-6
202510290UTA,RS,UTA,588.0,,28,36,-8
202510290UTA,RS,UTA,612.0,,28,38,-10
202510290UTA,RS,UTA,644.0,,28,41,-13
202510290UTA,RS,UTA,651.0,,31,41,-10
202510290UTA,RS,UTA,663.0,,31,43,-12
202510290UTA,RS,UTA,720.0,,33,43,-10
202510290UTA,RS,UTA,739.0,,35,43,-8
202510290UTA,RS,UTA,756.0,,35,44,-9
202510290UTA,RS,UTA,756.0,,35,45,-10
202510290UTA,RS,UTA,765.0,,37,45,-8
202510290UTA,RS,UTA,779.0,,37,47,-10
202510290UTA,RS,UTA,786.0,,40,47,-7
202510290UTA,RS,UTA,822.0,,43,47,-4
202510290UTA,RS,UTA,844.0,,43,49,-6
202510290UTA,RS,UTA,906.0,,43,52,-9
202510290UTA,RS,UTA,919.0,,46,52,-6
202510290UTA,RS,UTA,944.0,,48,52,-4
202510290UTA,RS,UTA,961.0,,48,54,-6
202510290UTA,RS,UTA,982.0,,51,54,-3
202510290UTA,RS,UTA,1000.0,,51,55,-4
202510290UTA,RS,UTA,1000.0,,51,56,-5
202510290UTA,RS,UTA,1021.0,,51,58,-7
202510290UTA,RS,UTA,1043.0,,54,58,-4
202510290UTA,RS,UTA,1062.0,,54,59,-5
202510290UTA,RS,UTA,1062.0,,54,60,-6
202510290UTA,RS,UTA,1116.0,,55,60,-5
202510290UTA,RS,UTA,1116.0,,56,60,-4
202510290UTA,RS,UTA,1130.0,,59,60,-1
202510290UTA,RS,UTA,1146.0,LC,61,60,1
202510290UTA,RS,UTA,1179.0,,64,60,4
202510290UTA,RS,UTA,1198.0,,64,61,3
202510290UTA,RS,UTA,1198.0,,64,62,2
202510290UTA,RS,UTA,1209.0,,66,62,4
202510290UTA,RS,UTA,1216.0,,66,63,3
202510290UTA,RS,UTA,1237.0,,68,63,5
202510290UTA,RS,UTA,1274.0,,68,65,3
202510290UTA,RS,UTA,1300.0,,68,67,1
202510290UTA,RS,UTA,1310.0,,71,67,4
202510290UTA,RS,UTA,1321.0,,71,68,3
202510290UTA,RS,UTA,1321.0,,71,69,2
202510290UTA,RS,UTA,1334.0,,73,69,4
202510290UTA,RS,UTA,1353.0,,73,70,3
202510290UTA,RS,UTA,1368.0,,75,70,5
202510290UTA,RS,UTA,1382.0,,75,71,4
202510290UTA,RS,UTA,1389.0,,77,71,6
202510290UTA,RS,UTA,1420.0,,77,73,4
202510290UTA,RS,UTA,1438.0,,79,73,6
202510290UTA,RS,UTA,1470.0,,81,73,8
202510290UTA,RS,UTA,1516.0,,81,76,5
202510290UTA,RS,UTA,1535.0,,84,76,8
202510290UTA,RS,UTA,1559.0,,86,76,10
202510290UTA,RS,UTA,1610.0,,88,76,12
202510290UTA,RS,UTA,1631.0,,88,79,9
202510290UTA,RS,UTA,1648.0,,91,79,12
202510290UTA,RS,UTA,1675.0,,92,79,13
202510290UTA,RS,UTA,1675.0,,93,79,14
202510290UTA,RS,UTA,1688.0,,93,81,12
202510290UTA,RS,UTA,1704.0,,95,81,14
202510290UTA,RS,UTA,1746.0,,95,84,11
202510290UTA,RS,UTA,1760.0,,97,84,13
202510290UTA,RS,UTA,1771.0,,98,84,14
202510290UTA,RS,UTA,1771.0,,99,84,15
202510290UTA,RS,UTA,1802.0,,101,84,17
202510290UTA,RS,UTA,1853.0,,101,85,16
202510290UTA,RS,UTA,1853.0,,101,86,15
202510290UTA,RS,UTA,1870.0,,104,86,18
202510290UTA,RS,UTA,1923.0,,105,86,19
202510290UTA,RS,UTA,1923.0,,106,86,20
202510290UTA,RS,UTA,1937.0,,106,88,18
202510290UTA,RS,UTA,1982.0,,106,90,16
202510290UTA,RS,UTA,2004.0,,108,90,18
202510290UTA,RS,UTA,2021.0,,108,92,16
202510290UTA,RS,UTA,2037.0,,111,92,19
202510290UTA,RS,UTA,2094.0,,112,92,20
202510290UTA,RS,UTA,2104.0,,112,93,19
202510290UTA,RS,UTA,2104.0,,112,94,18
202510290UTA,RS,UTA,2123.0,,114,94,20
202510290UTA,RS,UTA,2133.0,,114,96,18
202510290UTA,RS,UTA,2155.0,,117,96,21
202510290UTA,RS,UTA,2160.0,,117,97,20
202510290UTA,RS,UTA,2160.0,,117,98,19
202510290UTA,RS,UTA,2206.0,,117,100,17
202510290UTA,RS,UTA,2238.0,,119,100,19
202510290UTA,RS,UTA,2272.0,,122,100,22
202510290UTA,RS,UTA,2361.0,,122,103,19
202510290UTA,RS,UTA,2413.0,,123,103,20
202510290UTA,RS,UTA,2413.0,,124,103,21
202510290UTA,RS,UTA,2423.0,,124,104,20
202510290UTA,RS,UTA,2423.0,,124,105,19
202510290UTA,RS,UTA,2437.0,,124,107,17
202510290UTA,RS,UTA,2437.0,,124,108,16
202510290UTA,RS,UTA,2466.0,,124,110,14
202510290UTA,RS,UTA,2466.0,,124,111,13
202510290UTA,RS,UTA,2522.0,,124,112,12
202510290UTA,RS,UTA,2522.0,,124,113,11
202510290UTA,RS,UTA,2551.0,,124,116,8
202510290UTA,RS,UTA,2574.0,,127,116,11
202510290UTA,RS,UTA,2610.0,,127,117,10
202510290UTA,RS,UTA,2630.0,,128,117,11
202510290UTA,RS,UTA,2630.0,,129,117,12
202510290UTA,RS,UTA,2645.0,,129,119,10
202510290UTA,RS,UTA,2663.0,,131,119,12
202510290UTA,RS,UTA,2680.0,,131,120,11
202510290UTA,RS,UTA,2680.0,,131,121,10
202510290UTA,RS,UTA,2747.0,,131,123,8
202510290UTA,RS,UTA,2765.0,,132,123,9
202510290UTA,RS,UTA,2775.0,,132,125,7
202510290UTA,RS,UTA,2819.0,,132,127,5
202510290UTA,RS,UTA,2845.0,,132,129,3
202510290UTA,RS,UTA,2871.0,,132,130,2
202510290UTA,RS,UTA,2871.0,,132,131,1
202510290UTA,RS,UTA,2872.0,,133,131,2
202510290UTA,RS,UTA,2872.0,,134,131,3
202510290UTA,RS,UTA,2873.0,,134,132,2
202510290UTA,RS,UTA,2873.0,,134,133,1
202510290UTA,RS,UTA,2875.0,,135,133,2
202510290UTA,RS,UTA,2875.0,,136,133,3
202510290UTA,RS,UTA,2877.0,F,136,134,2
202510290UTA,RS,UTA,2880.0,,136,134,2
202510310POR,RS,DEN,0.0,,0,0,0
202510310POR,RS,DEN,84.0,,0,2,-2
202510310POR,RS,DEN,92.0,LC,3,2,1
202510310POR,RS,DEN,126.0,LC,3,4,-1
202510310POR,RS,DEN,132.0,,3,5,-2
202510310POR,RS,DEN,162.0,,3,7,-4
202510310POR,RS,DEN,177.0,,5,7,-2
202510310POR,RS,DEN,218.0,T,7,7,0
202510310POR,RS,DEN,241.0,,7,9,-2
202510310POR,RS,DEN,283.0,,8,9,-1
202510310POR,RS,DEN,283.0,T,9,9,0
202510310POR,RS,DEN,321.0,,9,11,-2
202510310POR,RS,DEN,343.0,,9,12,-3
202510310POR,RS,DEN,343.0,,9,13,-4
202510310POR,RS,DEN,365.0,,11,13,-2
202510310POR,RS,DEN,384.0,,11,16,-5
202510310POR,RS,DEN,404.0,,11,18,-7
202510310POR,RS,DEN,441.0,,12,18,-6
202510310POR,RS,DEN,464.0,,12,19,-7
202510310POR,RS,DEN,464.0,,12,20,-8
202510310POR,RS,DEN,479.0,,14,20,-6
202510310POR,RS,DEN,495.0,,14,22,-8
202510310POR,RS,DEN,586.0,,14,23,-9
202510310POR,RS,DEN,586.0,,14,24,-10
202510310POR,RS,DEN,601.0,,16,24,-8
202510310POR,RS,DEN,677.0,,18,24,-6
202510310POR,RS,DEN,688.0,,18,26,-8
202510310POR,RS,DEN,742.0,,18,28,-10
202510310POR,RS,DEN,765.0,,18,30,-12
202510310POR,RS,DEN,773.0,,21,30,-9
202510310POR,RS,DEN,793.0,,24,30,-6
202510310POR,RS,DEN,807.0,,24,31,-7
202510310POR,RS,DEN,807.0,,24,32,-8
202510310POR,RS,DEN,844.0,,26,32,-6
202510310POR,RS,DEN,879.0,,26,34,-8
202510310POR,RS,DEN,893.0,,27,34,-7
202510310POR,RS,DEN,893.0,,28,34,-6
202510310POR,RS,DEN,920.0,,31,34,-3
202510310POR,RS,DEN,935.0,,31,36,-5
202510310POR,RS,DEN,966.0,,31,37,-6
202510310POR,RS,DEN,990.0,,33,37,-4
202510310POR,RS,DEN,1013.0,,33,39,-6
202510310POR,RS,DEN,1030.0,,33,41,-8
202510310POR,RS,DEN,1050.0,,35,41,-6
202510310POR,RS,DEN,1095.0,,38,41,-3
202510310POR,RS,DEN,1095.0,,39,41,-2
202510310POR,RS,DEN,1132.0,T,41,41,0
202510310POR,RS,DEN,1151.0,,41,43,-2
202510310POR,RS,DEN,1192.0,,41,45,-4
202510310POR,RS,DEN,1208.0,,43,45,-2
202510310POR,RS,DEN,1217.0,,43,47,-4
202510310POR,RS,DEN,1230.0,,44,47,-3
202510310POR,RS,DEN,1255.0,,46,47,-1
202510310POR,RS,DEN,1290.0,,46,50,-4
202510310POR,RS,DEN,1318.0,,46,52,-6
202510310POR,RS,DEN,1335.0,,49,52,-3
202510310POR,RS,DEN,1362.0,,51,52,-1
202510310POR,RS,DEN,1409.0,LC,53,52,1
202510310POR,RS,DEN,1431.0,LC,53,55,-2
202510310POR,RS,DEN,1439.0,,53,56,-3
202510310POR,RS,DEN,1439.0,,53,57,-4
202510310POR,RS,DEN,1511.0,,53,58,-5
202510310POR,RS,DEN,1529.0,,56,58,-2
202510310POR,RS,DEN,1543.0,,56,61,-5
202510310POR,RS,DEN,1579.0,,56,62,-6
202510310POR,RS,DEN,1579.0,,56,63,-7
202510310POR,RS,DEN,1588.0,,57,63,-6
202510310POR,RS,DEN,1610.0,,57,65,-8
202510310POR,RS,DEN,1616.0,,59,65,-6
202510310POR,RS,DEN,1616.0,,60,65,-5
202510310POR,RS,DEN,1680.0,,61,65,-4
202510310POR,RS,DEN,1680.0,,62,65,-3
202510310POR,RS,DEN,1711.0,,63,65,-2
202510310POR,RS,DEN,1711.0,,64,65,-1
202510310POR,RS,DEN,1766.0,,64,67,-3
202510310POR,RS,DEN,1777.0,,66,67,-1
202510310POR,RS,DEN,1816.0,LC,68,67,1
202510310POR,RS,DEN,1840.0,LC,68,69,-1
202510310POR,RS,DEN,1876.0,,68,72,-4
202510310POR,RS,DEN,1906.0,,71,72,-1
202510310POR,RS,DEN,1958.0,,71,74,-3
202510310POR,RS,DEN,1958.0,,71,75,-4
202510310POR,RS,DEN,1989.0,,71,77,-6
202510310POR,RS,DEN,2013.0,,71,78,-7
202510310POR,RS,DEN,2013.0,,71,79,-8
202510310POR,RS,DEN,2094.0,,71,80,-9
202510310POR,RS,DEN,2129.0,,71,81,-10
202510310POR,RS,DEN,2171.0,,73,81,-8
202510310POR,RS,DEN,2188.0,,73,83,-10
202510310POR,RS,DEN,2198.0,,75,83,-8
202510310POR,RS,DEN,2198.0,,76,83,-7
202510310POR,RS,DEN,2234.0,,78,83,-5
202510310POR,RS,DEN,2250.0,,78,86,-8
202510310POR,RS,DEN,2265.0,,80,86,-6
202510310POR,RS,DEN,2283.0,,80,88,-8
202510310POR,RS,DEN,2333.0,,83,88,-5
202510310POR,RS,DEN,2355.0,,83,90,-7
202510310POR,RS,DEN,2367.0,,84,90,-6
202510310POR,RS,DEN,2390.0,,84,92,-8
202510310POR,RS,DEN,2412.0,,86,92,-6
202510310POR,RS,DEN,2429.0,,86,93,-7
202510310POR,RS,DEN,2429.0,,86,94,-8
202510310POR,RS,DEN,2435.0,,88,94,-6
202510310POR,RS,DEN,2518.0,,90,94,-4
202510310POR,RS,DEN,2563.0,,90,96,-6
202510310POR,RS,DEN,2576.0,,91,96,-5
202510310POR,RS,DEN,2593.0,,94,96,-2
202510310POR,RS,DEN,2626.0,T,96,96,0
202510310POR,RS,DEN,2653.0,,96,98,-2
202510310POR,RS,DEN,2671.0,LC,99,98,1
202510310POR,RS,DEN,2698.0,LC,99,100,-1
202510310POR,RS,DEN,2698.0,,99,101,-2
202510310POR,RS,DEN,2729.0,,99,102,-3
202510310POR,RS,DEN,2729.0,,99,103,-4
202510310POR,RS,DEN,2744.0,,100,103,-3
202510310POR,RS,DEN,2764.0,,100,105,-5
202510310POR,RS,DEN,2779.0,,102,105,-3
202510310POR,RS,DEN,2820.0,,102,107,-5
202510310POR,RS,DEN,2827.0,,104,107,-3
202510310POR,RS,DEN,2827.0,,105,107,-2
202510310POR,RS,DEN,2853.0,,106,107,-1
202510310POR,RS,DEN,2853.0,T,107,107,0
202510310POR,RS,DEN,2879.0,LC,108,107,1
202510310POR,RS,DEN,2879.0,F,109,107,2
202510310POR,RS,DEN,2880.0,,109,107,2
202511030POR,RS,LAL,0.0,,0,0,0
202511030POR,RS,LAL,14.0,,0,2,-2
202511030POR,RS,LAL,43.0,,0,4,-4
202511030POR,RS,LAL,168.0,,2,4,-2
202511030POR,RS,LAL,187.0,,2,6,-4
202511030POR,RS,LAL,200.0,,4,6,-2
202511030POR,RS,LAL,205.0,,4,8,-4
202511030POR,RS,LAL,219.0,,6,8,-2
202511030POR,RS,LAL,232.0,,6,10,-4
202511030POR,RS,LAL,249.0,,6,12,-6
202511030POR,RS,LAL,266.0,,9,12,-3
202511030POR,RS,LAL,291.0,,11,12,-1
202511030POR,RS,LAL,305.0,,11,14,-3
202511030POR,RS,LAL,313.0,,13,14,-1
202511030POR,RS,LAL,349.0,T,14,14,0
202511030POR,RS,LAL,382.0,,14,16,-2
202511030POR,RS,LAL,402.0,LC,17,16,1
202511030POR,RS,LAL,420.0,,19,16,3
202511030POR,RS,LAL,453.0,,19,18,1
202511030POR,RS,LAL,479.0,,22,18,4
202511030POR,RS,LAL,501.0,,22,20,2
202511030POR,RS,LAL,532.0,,24,20,4
202511030POR,RS,LAL,572.0,,24,22,2
202511030POR,RS,LAL,586.0,,27,22,5
202511030POR,RS,LAL,607.0,,28,22,6
202511030POR,RS,LAL,607.0,,29,22,7
202511030POR,RS,LAL,653.0,,30,22,8
202511030POR,RS,LAL,653.0,,31,22,9
202511030POR,RS,LAL,715.0,,33,22,11
202511030POR,RS,LAL,720.0,,33,24,9
202511030POR,RS,LAL,768.0,,33,27,6
202511030POR,RS,LAL,776.0,,35,27,8
202511030POR,RS,LAL,834.0,,35,28,7
202511030POR,RS,LAL,834.0,,35,29,6
202511030POR,RS,LAL,839.0,,37,29,8
202511030POR,RS,LAL,879.0,,39,29,10
202511030POR,RS,LAL,918.0,,42,29,13
202511030POR,RS,LAL,947.0,,42,31,11
202511030POR,RS,LAL,975.0,,42,33,9
202511030POR,RS,LAL,1013.0,,42,36,6
202511030POR,RS,LAL,1038.0,,44,36,8
202511030POR,RS,LAL,1051.0,,44,37,7
202511030POR,RS,LAL,1097.0,,44,39,5
202511030POR,RS,LAL,1115.0,,46,39,7
202511030POR,RS,LAL,1130.0,,46,41,5
202511030POR,RS,LAL,1152.0,,48,41,7
202511030POR,RS,LAL,1152.0,,49,41,8
202511030POR,RS,LAL,1167.0,,49,43,6
202511030POR,RS,LAL,1181.0,,51,43,8
202511030POR,RS,LAL,1199.0,,51,46,5
202511030POR,RS,LAL,1223.0,,51,49,2
202511030POR,RS,LAL,1279.0,,53,49,4
202511030POR,RS,LAL,1318.0,,53,50,3
202511030POR,RS,LAL,1349.0,,53,52,1
202511030POR,RS,LAL,1450.0,,55,52,3
202511030POR,RS,LAL,1515.0,,56,52,4
202511030POR,RS,LAL,1529.0,,57,52,5
202511030POR,RS,LAL,1535.0,,57,53,4
202511030POR,RS,LAL,1535.0,,57,54,3
202511030POR,RS,LAL,1567.0,,60,54,6
202511030POR,RS,LAL,1585.0,,62,54,8
202511030POR,RS,LAL,1607.0,,62,56,6
202511030POR,RS,LAL,1616.0,,63,56,7
202511030POR,RS,LAL,1626.0,,64,56,8
202511030POR,RS,LAL,1626.0,,65,56,9
202511030POR,RS,LAL,1644.0,,65,58,7
202511030POR,RS,LAL,1667.0,,65,60,5
202511030POR,RS,LAL,1694.0,,65,61,4
202511030POR,RS,LAL,1694.0,,65,62,3
202511030POR,RS,LAL,1706.0,,66,62,4
202511030POR,RS,LAL,1723.0,,66,64,2
202511030POR,RS,LAL,1732.0,T,66,66,0
202511030POR,RS,LAL,1757.0,LC,66,68,-2
202511030POR,RS,LAL,1771.0,,67,68,-1
202511030POR,RS,LAL,1784.0,,67,70,-3
202511030POR,RS,LAL,1802.0,,69,70,-1
202511030POR,RS,LAL,1816.0,,69,73,-4
202511030POR,RS,LAL,1852.0,,69,75,-6
202511030POR,RS,LAL,1866.0,,71,75,-4
202511030POR,RS,LAL,1880.0,,73,75,-2
202511030POR,RS,LAL,1903.0,,73,77,-4
202511030POR,RS,LAL,1919.0,,74,77,-3
202511030POR,RS,LAL,1961.0,,74,79,-5
202511030POR,RS,LAL,1969.0,,76,79,-3
202511030POR,RS,LAL,1969.0,,77,79,-2
202511030POR,RS,LAL,1981.0,,77,82,-5
202511030POR,RS,LAL,2013.0,,77,84,-7
202511030POR,RS,LAL,2022.0,,78,84,-6
202511030POR,RS,LAL,2022.0,,79,84,-5
202511030POR,RS,LAL,2045.0,,79,86,-7
202511030POR,RS,LAL,2055.0,,82,86,-4
202511030POR,RS,LAL,2079.0,,84,86,-2
202511030POR,RS,LAL,2102.0,,84,88,-4
202511030POR,RS,LAL,2124.0,,84,90,-6
202511030POR,RS,LAL,2132.0,,86,90,-4
202511030POR,RS,LAL,2200.0,,88,90,-2
202511030POR,RS,LAL,2223.0,,88,93,-5
202511030POR,RS,LAL,2242.0,,89,93,-4
202511030POR,RS,LAL,2242.0,,90,93,-3
202511030POR,RS,LAL,2287.0,,90,94,-4
202511030POR,RS,LAL,2287.0,,90,95,-5
202511030POR,RS,LAL,2297.0,,92,95,-3
202511030POR,RS,LAL,2324.0,,94,95,-1
202511030POR,RS,LAL,2350.0,,94,97,-3
202511030POR,RS,LAL,2359.0,,96,97,-1
202511030POR,RS,LAL,2406.0,,96,99,-3
202511030POR,RS,LAL,2430.0,,96,100,-4
202511030POR,RS,LAL,2430.0,,96,101,-5
202511030POR,RS,LAL,2459.0,,96,103,-7
202511030POR,RS,LAL,2485.0,,97,103,-6
202511030POR,RS,LAL,2485.0,,98,103,-5
202511030POR,RS,LAL,2515.0,,100,103,-3
202511030POR,RS,LAL,2527.0,,100,104,-4
202511030POR,RS,LAL,2527.0,,100,105,-5
202511030POR,RS,LAL,2564.0,,100,107,-7
202511030POR,RS,LAL,2581.0,,103,107,-4
202511030POR,RS,LAL,2640.0,,103,109,-6
202511030POR,RS,LAL,2655.0,,105,109,-4
202511030POR,RS,LAL,2678.0,,105,111,-6
202511030POR,RS,LAL,2707.0,,105,114,-9
202511030POR,RS,LAL,2733.0,,105,117,-12
202511030POR,RS,LAL,2752.0,,105,119,-14
202511030POR,RS,LAL,2788.0,,107,119,-12
202511030POR,RS,LAL,2788.0,,108,119,-11
202511030POR,RS,LAL,2808.0,,108,121,-13
202511030POR,RS,LAL,2811.0,,110,121,-11
202511030POR,RS,LAL,2829.0,,110,123,-13
202511030POR,RS,LAL,2839.0,,113,123,-10
202511030POR,RS,LAL,2863.0,F,115,123,-8
202511030POR,RS,LAL,2880.0,,115,123,-8
202511050POR,RS,OKC,0.0,,0,0,0
202511050POR,RS,OKC,38.0,,0,1,-1
202511050POR,RS,OKC,38.0,,0,2,-2
202511050POR,RS,OKC,61.0,,1,2,-1
202511050POR,RS,OKC,77.0,,1,4,-3
202511050POR,RS,OKC,95.0,,1,7,-6
202511050POR,RS,OKC,111.0,,1,9,-8
202511050POR,RS,OKC,145.0,,4,9,-5
202511050POR,RS,OKC,161.0,,4,12,-8
202511050POR,RS,OKC,194.0,,4,13,-9
202511050POR,RS,OKC,194.0,,4,14,-10
202511050POR,RS,OKC,214.0,,4,15,-11
202511050POR,RS,OKC,214.0,,4,16,-12
202511050POR,RS,OKC,220.0,,5,16,-11
202511050POR,RS,OKC,220.0,,6,16,-10
202511050POR,RS,OKC,236.0,,6,19,-13
202511050POR,RS,OKC,317.0,,8,19,-11
202511050POR,RS,OKC,332.0,,8,21,-13
202511050POR,RS,OKC,340.0,,10,21,-11
202511050POR,RS,OKC,381.0,,10,24,-14
202511050POR,RS,OKC,389.0,,13,24,-11
202511050POR,RS,OKC,418.0,,13,25,-12
202511050POR,RS,OKC,418.0,,13,26,-13
202511050POR,RS,OKC,429.0,,16,26,-10
202511050POR,RS,OKC,442.0,,16,29,-13
202511050POR,RS,OKC,492.0,,16,32,-16
202511050POR,RS,OKC,542.0,,16,34,-18
202511050POR,RS,OKC,565.0,,16,35,-19
202511050POR,RS,OKC,565.0,,16,36,-20
202511050POR,RS,OKC,609.0,,16,38,-22
202511050POR,RS,OKC,615.0,,17,38,-21
202511050POR,RS,OKC,636.0,,19,38,-19
202511050POR,RS,OKC,647.0,,19,40,-21
202511050POR,RS,OKC,682.0,,20,40,-20
202511050POR,RS,OKC,682.0,,21,40,-19
202511050POR,RS,OKC,694.0,,21,41,-20
202511050POR,RS,OKC,803.0,,21,43,-22
202511050POR,RS,OKC,811.0,,22,43,-21
202511050POR,RS,OKC,811.0,,23,43,-20
202511050POR,RS,OKC,840.0,,25,43,-18
202511050POR,RS,OKC,865.0,,25,45,-20
202511050POR,RS,OKC,904.0,,28,45,-17
202511050POR,RS,OKC,932.0,,29,45,-16
202511050POR,RS,OKC,932.0,,30,45,-15
202511050POR,RS,OKC,946.0,,30,46,-16
202511050POR,RS,OKC,980.0,,32,46,-14
202511050POR,RS,OKC,1032.0,,32,47,-15
202511050POR,RS,OKC,1032.0,,32,48,-16
202511050POR,RS,OKC,1065.0,,35,48,-13
202511050POR,RS,OKC,1077.0,,35,51,-16
202511050POR,RS,OKC,1098.0,,38,51,-13
202511050POR,RS,OKC,1142.0,,38,52,-14
202511050POR,RS,OKC,1142.0,,38,53,-15
202511050POR,RS,OKC,1157.0,,41,53,-12
202511050POR,RS,OKC,1180.0,,44,53,-9
202511050POR,RS,OKC,1201.0,,47,53,-6
202511050POR,RS,OKC,1219.0,,47,55,-8
202511050POR,RS,OKC,1254.0,,48,55,-7
202511050POR,RS,OKC,1254.0,,49,55,-6
202511050POR,RS,OKC,1265.0,,50,55,-5
202511050POR,RS,OKC,1265.0,,51,55,-4
202511050POR,RS,OKC,1289.0,,54,55,-1
202511050POR,RS,OKC,1336.0,,54,58,-4
202511050POR,RS,OKC,1355.0,,54,61,-7
202511050POR,RS,OKC,1376.0,,57,61,-4
202511050POR,RS,OKC,1389.0,,57,63,-6
202511050POR,RS,OKC,1440.0,,57,65,-8
202511050POR,RS,OKC,1469.0,,57,68,-11
202511050POR,RS,OKC,1502.0,,59,68,-9
202511050POR,RS,OKC,1537.0,,60,68,-8
202511050POR,RS,OKC,1537.0,,61,68,-7
202511050POR,RS,OKC,1553.0,,61,71,-10
202511050POR,RS,OKC,1584.0,,64,71,-7
202511050POR,RS,OKC,1623.0,,64,73,-9
202511050POR,RS,OKC,1632.0,,65,73,-8
202511050POR,RS,OKC,1632.0,,66,73,-7
202511050POR,RS,OKC,1667.0,,68,73,-5
202511050POR,RS,OKC,1689.0,,68,76,-8
202511050POR,RS,OKC,1713.0,,68,78,-10
202511050POR,RS,OKC,1723.0,,70,78,-8
202511050POR,RS,OKC,1798.0,,70,80,-10
202511050POR,RS,OKC,1908.0,,70,82,-12
202511050POR,RS,OKC,1925.0,,70,83,-13
202511050POR,RS,OKC,1925.0,,70,84,-14
202511050POR,RS,OKC,1934.0,,71,84,-13
202511050POR,RS,OKC,1934.0,,72,84,-12
202511050POR,RS,OKC,1957.0,,74,84,-10
202511050POR,RS,OKC,2085.0,,75,84,-9
202511050POR,RS,OKC,2085.0,,76,84,-8
202511050POR,RS,OKC,2103.0,,76,85,-9
202511050POR,RS,OKC,2103.0,,76,86,-10
202511050POR,RS,OKC,2122.0,,78,86,-8
202511050POR,RS,OKC,2157.0,,81,86,-5
202511050POR,RS,OKC,2190.0,,84,86,-2
202511050POR,RS,OKC,2240.0,,84,88,-4
202511050POR,RS,OKC,2264.0,,85,88,-3
202511050POR,RS,OKC,2264.0,,86,88,-2
202511050POR,RS,OKC,2280.0,,86,90,-4
202511050POR,RS,OKC,2296.0,,89,90,-1
202511050POR,RS,OKC,2320.0,,89,92,-3
202511050POR,RS,OKC,2352.0,,91,92,-1
202511050POR,RS,OKC,2384.0,,91,93,-2
202511050POR,RS,OKC,2384.0,,91,94,-3
202511050POR,RS,OKC,2396.0,,92,94,-2
202511050POR,RS,OKC,2396.0,,93,94,-1
202511050POR,RS,OKC,2419.0,,93,96,-3
202511050POR,RS,OKC,2432.0,,95,96,-1
202511050POR,RS,OKC,2476.0,LC,97,96,1
202511050POR,RS,OKC,2507.0,,100,96,4
202511050POR,RS,OKC,2531.0,,100,99,1
202511050POR,RS,OKC,2552.0,LC,100,101,-1
202511050POR,RS,OKC,2575.0,LC,103,101,2
202511050POR,RS,OKC,2586.0,LC,103,104,-1
202511050POR,RS,OKC,2612.0,LC,105,104,1
202511050POR,RS,OKC,2641.0,,106,104,2
202511050POR,RS,OKC,2641.0,,107,104,3
202511050POR,RS,OKC,2669.0,,109,104,5
202511050POR,RS,OKC,2712.0,,112,104,8
202511050POR,RS,OKC,2734.0,,112,106,6
202511050POR,RS,OKC,2748.0,,115,106,9
202511050POR,RS,OKC,2761.0,,115,109,6
202511050POR,RS,OKC,2795.0,,115,111,4
202511050POR,RS,OKC,2795.0,,115,112,3
202511050POR,RS,OKC,2815.0,,117,112,5
202511050POR,RS,OKC,2825.0,,117,113,4
202511050POR,RS,OKC,2825.0,,117,114,3
202511050POR,RS,OKC,2844.0,,119,114,5
202511050POR,RS,OKC,2849.0,,119,116,3
202511050POR,RS,OKC,2873.0,,119,117,2
202511050POR,RS,OKC,2873.0,,119,118,1
202511050POR,RS,OKC,2874.0,,120,118,2
202511050POR,RS,OKC,2874.0,,121,118,3
202511050POR,RS,OKC,2880.0,,121,119,2
202511050POR,RS,OKC,2880.0,F,121,119,2
